Project_Name,Branch_Name,Include
JTCAHANZC,main,Yes
MMMP_APAC,main,Yes
VGT-Server-11-CI,main,Yes
ati-cxs-AppContent-Service,Releases/25.0.0,No
ati-cxs-AppContent-Service,main,Yes
ati-cxs-ApplessSE-CasinoService,Releases/26.1.0,Yes
ati-cxs-ApplessSE-CasinoService,main,No
ati-cxs-ApplessSE-MobileAPI,Dev/26.1.0-SE-Enhancement,No
ati-cxs-ApplessSE-MobileAPI,Releases/26.1.0,No
ati-cxs-ApplessSE-MobileAPI,main,Yes
ati-cxs-ApplessSE-WebApp,Dev/26.1.0-SE-Enhancement,No
ati-cxs-ApplessSE-WebApp,Releases/26.1.0,No
ati-cxs-ApplessSE-WebApp,main,Yes
ati-cxs-CoreFramework-Framework2.0,main,Yes
ati-cxs-Dynamic-Listener-Service,"""refs/heads/Releases/2.0.1""",Yes
ati-cxs-Dynamic-Listener-Service,main,No
ati-cxs-Dynamic-Messaging-Service,"""refs/heads/Releases/2.0.1""",Yes
ati-cxs-Dynamic-Messaging-Service,main,No
ati-cxs-Floor-Service,Releases/2.0.1,No
ati-cxs-Floor-Service,main,Yes
ati-cxs-FloorService,"""refs/heads/Dev/2.0.1-SustainableAustralia""",No
ati-cxs-FloorService,"""refs/heads/Releases/2.0.1""",No
ati-cxs-FloorService,main,Yes
ati-cxs-Framework-IdentityServer,"""refs/heads/Releases/6.4.2""",No
ati-cxs-Framework-IdentityServer,main,Yes
ati-cxs-GPMS-WebAPI,"""refs/heads/Releases/1.0.2""",Yes
ati-cxs-GPMS-WebAPI,"""refs/heads/Releases/1.0.3""",Yes
ati-cxs-GPMS-WebAPI,main,No
ati-cxs-Gaming.Wallet-MobileClassII,Releases/1.0.0,No
ati-cxs-Gaming.Wallet-MobileClassII,main,Yes
ati-cxs-Gaming.WalletProcessor-MobileClassII,Releases/1.0.0,No
ati-cxs-Gaming.WalletProcessor-MobileClassII,main,Yes
ati-cxs-Gaming.WalletStateService-MobileClassII,Releases/1.0.0,No
ati-cxs-Gaming.WalletStateService-MobileClassII,main,Yes
ati-cxs-LoyaltyKiosk-KioskManager,"""refs/heads/Release/15.0.0""",Yes
ati-cxs-LoyaltyKiosk-KioskManager,master,No
ati-cxs-Mobile-RMQWrapper,Dev/26.0.0-RabbiMQ-SDK,No
ati-cxs-Mobile-RMQWrapper,main,Yes
ati-cxs-MobileFoundation-AppAttestIntegrity-BE,Dev/dev,No
ati-cxs-MobileFoundation-AppAttestIntegrity-BE,SonarTest,No
ati-cxs-MobileFoundation-AppAttestIntegrity-BE,main,Yes
ati-cxs-Mobility-CardlessConnect-App,Dev/26.4.0-cardless-cashless,Yes
ati-cxs-Mobility-CardlessConnect-App,Releases/26.3.0,Yes
ati-cxs-Mobility-CardlessConnect-App,master,No
ati-cxs-Mobility-CardlessConnect-Service,Dev/26.4.0-cardless-cashless,Yes
ati-cxs-Mobility-CardlessConnect-Service,Releases/26.3.0,Yes
ati-cxs-Mobility-CardlessConnect-Service,master,No
ati-cxs-Mobility-DynamicListener-Service,Releases/2.0.1,Yes
ati-cxs-Mobility-DynamicListener-Service,main,No
ati-cxs-Mobility-DynamicMessaging-Service,Releases/2.0.1,Yes
ati-cxs-Mobility-DynamicMessaging-Service,main,No
ati-cxs-Mobility-EAPI.JackpotInfo,"""refs/heads/Releases/15.3.0""",Yes
ati-cxs-Mobility-EAPI.JackpotInfo,"""refs/heads/dev/15.3.0-gs-mobile-on-prem""",Yes
ati-cxs-Mobility-EAPI.JackpotInfo,main,No
ati-cxs-Mobility-EAPI.PlayerInfo,"""refs/heads/Releases/15.3.0""",Yes
ati-cxs-Mobility-EAPI.PlayerInfo,"""refs/heads/dev/15.3.0-gs-mobile-on-prem""",Yes
ati-cxs-Mobility-EAPI.PlayerInfo,Dev/26.4.0-cardless-cashless,Yes
ati-cxs-Mobility-EAPI.PlayerInfo,Releases/26.0.0,Yes
ati-cxs-Mobility-EAPI.PlayerInfo,Releases/26.3.0,Yes
ati-cxs-Mobility-EAPI.PlayerInfo,main,No
ati-cxs-Mobility-EAPI.Wallet,"""refs/heads/Dev/15.3.0-gs-mobile-on-prem""",Yes
ati-cxs-Mobility-EAPI.Wallet,"""refs/heads/Dev/SonarQubeSecurityFixes""",Yes
ati-cxs-Mobility-EAPI.Wallet,"""refs/heads/Releases/15.2.0""",Yes
ati-cxs-Mobility-EAPI.Wallet,"""refs/heads/Releases/15.3.0""",Yes
ati-cxs-Mobility-EAPI.Wallet,Dev/26.4.0-cardless-cashless,Yes
ati-cxs-Mobility-EAPI.Wallet,Patch/15.3.1,Yes
ati-cxs-Mobility-EAPI.Wallet,Releases/26.3.0,Yes
ati-cxs-Mobility-EAPI.Wallet,main,No
ati-cxs-Mobility-EAPI.Wallet,master,No
ati-cxs-Mobility-EAPI.WalletProcessor,Dev/26.4.0-cardless-cashless,Yes
ati-cxs-Mobility-EAPI.WalletProcessor,Patch/15.3.1,Yes
ati-cxs-Mobility-EAPI.WalletProcessor,Releases/26.3.0,Yes
ati-cxs-Mobility-EAPI.WalletProcessor,master,No
ati-cxs-Mobility-EAPI.WalletStateService,"""refs/heads/Dev/15.3.0-gs-mobile-on-prem""",Yes
ati-cxs-Mobility-EAPI.WalletStateService,"""refs/heads/Dev/SonarQubeSecurityFixes""",Yes
ati-cxs-Mobility-EAPI.WalletStateService,"""refs/heads/Releases/15.2.0""",Yes
ati-cxs-Mobility-EAPI.WalletStateService,"""refs/heads/Releases/15.3.0""",Yes
ati-cxs-Mobility-EAPI.WalletStateService,Dev/26.4.0-cardless-cashless,Yes
ati-cxs-Mobility-EAPI.WalletStateService,Patch/15.3.1,Yes
ati-cxs-Mobility-EAPI.WalletStateService,Releases/26.3.0,Yes
ati-cxs-Mobility-EAPI.WalletStateService,master,No
ati-cxs-Mobility-EnrollMixApps,main,Yes
ati-cxs-Mobility-EnrollMixApps,refs/heads/master,No
ati-cxs-Mobility-Mobile.Connect.Configuration-App,Dev/26.4.0-cardless-cashless,Yes
ati-cxs-Mobility-Mobile.Connect.Configuration-App,Releases/26.3.0,Yes
ati-cxs-Mobility-Mobile.Connect.Configuration-App,master,No
ati-cxs-Mobility-Mobile.Connect.Configuration-App,nm106775/migration,Yes
ati-cxs-Mobility-Mobile.Connect.Configuration-App,refs/heads/Releases/2.0.1,Yes
ati-cxs-Mobility-Mobile.Connect.Configuration-App,refs/heads/Vikash/Dev/SonarQubeSecurityFixes/fixes,No
ati-cxs-Mobility-MobilenCompass-App,MnCompass/15.1.0,No
ati-cxs-Mobility-MobilenCompass-App,Releases/15.1.0,No
ati-cxs-Mobility-MobilenCompass-App,master,Yes
ati-cxs-Mobility-PlayerDevices-LicenseCreator,Releases/2.0.1,No
ati-cxs-Mobility-PlayerDevices-LicenseCreator,main,Yes
ati-cxs-Mobility-PlayerDevices-Service,"""refs/heads/Dev/SonarQubeSecurityFixes""",Yes
ati-cxs-Mobility-PlayerDevices-Service,"""refs/heads/Releases/15.2.0""",Yes
ati-cxs-Mobility-PlayerDevices-Service,Dev/26.4.0-cardless-cashless,Yes
ati-cxs-Mobility-PlayerDevices-Service,Releases/26.3.0,Yes
ati-cxs-Mobility-PlayerDevices-Service,master,No
ati-cxs-Mobility-PlayerDevices-Service,nm106775/migration,Yes
ati-cxs-Mobility-Wallet-ExternalWalletFundTransfer,Dev/26.4.0-cardless-cashless,Yes
ati-cxs-Mobility-Wallet-ExternalWalletFundTransfer,Patch/15.3.1,Yes
ati-cxs-Mobility-Wallet-ExternalWalletFundTransfer,Releases/26.3.0,Yes
ati-cxs-Mobility-Wallet-ExternalWalletFundTransfer,main,No
ati-cxs-Mobility-Wallet-Service,"""refs/heads/Dev/SonarQubeSecurityFixes""",Yes
ati-cxs-Mobility-Wallet-Service,"""refs/heads/Releases/2.0.3""",Yes
ati-cxs-Mobility-Wallet-Service,Dev/26.4.0-cardless-cashless,Yes
ati-cxs-Mobility-Wallet-Service,Releases/26.3.0,Yes
ati-cxs-Mobility-Wallet-Service,master,No
ati-cxs-Mobility-Wallet-Service,pankajb/Bug_768383,Yes
ati-cxs-Mobility-Wallet-Service,pankajb/Fix_Sonar_Issues,Yes
ati-cxs-Mobility-WalletApp,N104757/TestMigration,Yes
ati-cxs-Mobility-WalletApp,Releases/26.3.0,Yes
ati-cxs-Mobility-WalletApp,main,No
ati-cxs-Mobility-WalletConfigurationApp,master,No
ati-cxs-Mobility-WalletConfigurationApp,refs/heads/Dev/2.0.3-Digital-Card,Yes
ati-cxs-Mobility-WalletConfigurationApp,refs/heads/Releases/2.0.1,Yes
ati-cxs-Mobility-WalletConfigurationApp,refs/heads/Releases/2.0.3,Yes
ati-cxs-OasisCore-Administrator,Dev/Oasis15-3-0,Yes
ati-cxs-OasisCore-Administrator,amit-dayama_ATItech-patch-4,No
ati-cxs-OasisCore-Administrator,master,No
ati-cxs-OasisCore-AppConfigurationManager,Dev/Oasis15-3-0,Yes
ati-cxs-OasisCore-AppConfigurationManager,Releases/12.14.1140,Yes
ati-cxs-OasisCore-AppConfigurationManager,main,No
ati-cxs-OasisCore-Bingo,Dev/Oasis15-3-0,Yes
ati-cxs-OasisCore-Bingo,main,Yes
ati-cxs-OasisCore-BlackBart,Dev/Oasis15-3-0,Yes
ati-cxs-OasisCore-BlackBart,master,No
ati-cxs-OasisCore-BonusPoints,Dev/Oasis15-3-0,Yes
ati-cxs-OasisCore-BonusPoints,main,No
ati-cxs-OasisCore-CoinsInterfaceService,Dev/Oasis15-3-0,Yes
ati-cxs-OasisCore-CoinsInterfaceService,main,No
ati-cxs-OasisCore-ConfigurationService,"""refs/heads/Releases/3.0.0""",Yes
ati-cxs-OasisCore-ConfigurationService,"""refs/heads/Releases/3.1.0""",Yes
ati-cxs-OasisCore-ConfigurationService,"""refs/pull/58830/merge""",Yes
ati-cxs-OasisCore-ConfigurationService,master,No
ati-cxs-OasisCore-ConfigurationService-windows,Dev/Oasis15-3-0,Yes
ati-cxs-OasisCore-ConfigurationService-windows,main,No
ati-cxs-OasisCore-CountInterface,Dev/Oasis15-3-0,Yes
ati-cxs-OasisCore-CountInterface,main,No
ati-cxs-OasisCore-CountOperation,Dev/Oasis15-3-0,Yes
ati-cxs-OasisCore-CountOperation,main,No
ati-cxs-OasisCore-DV-Oasis15-1-SecurityService,main,Yes
ati-cxs-OasisCore-DV-Oasis15-1-SurveillanceMonitor,main,Yes
ati-cxs-OasisCore-DV-Oasis16-0-Administrator,main,Yes
ati-cxs-OasisCore-DV-Oasis16-0-BlackBart,main,Yes
ati-cxs-OasisCore-DV-Oasis16-0-FloorLogix,"""""",No
ati-cxs-OasisCore-DV-Oasis16-0-FloorLogix,main,Yes
ati-cxs-OasisCore-DV-Oasis16-0-JackpotFill,"""""",No
ati-cxs-OasisCore-DV-Oasis16-0-JackpotFill,main,Yes
ati-cxs-OasisCore-DV-Oasis16-0-MarketingManager,main,Yes
ati-cxs-OasisCore-DV-Oasis16-0-PitBOSS,main,Yes
ati-cxs-OasisCore-DV-Oasis16-0-SuperPlaymate,main,Yes
ati-cxs-OasisCore-DiagnosticMonitor,Dev/Oasis15-3-0,Yes
ati-cxs-OasisCore-DiagnosticMonitor,main,No
ati-cxs-OasisCore-EncryptionandConversionManager,Dev/Oasis15-3-0,Yes
ati-cxs-OasisCore-EncryptionandConversionManager,master,Yes
ati-cxs-OasisCore-ExternalFloor,Dev/Oasis15-3-0,Yes
ati-cxs-OasisCore-ExternalFloor,main,No
ati-cxs-OasisCore-FloorApi,"""""",Yes
ati-cxs-OasisCore-FloorApi,main,No
ati-cxs-OasisCore-FloorApi-Service,"""""",No
ati-cxs-OasisCore-FloorApi-Service,"""refs/heads/Dev/Oasis15.3""",No
ati-cxs-OasisCore-FloorApi-Service,"""refs/heads/Patch/15.2.4""",No
ati-cxs-OasisCore-FloorApi-Service,"""refs/heads/Releases/15.2.0""",No
ati-cxs-OasisCore-FloorApi-Service,$(SonarBranchName),No
ati-cxs-OasisCore-FloorApi-Service,Dev/Oasis15.3,Yes
ati-cxs-OasisCore-FloorApi-Service,Patch/15.2.4,No
ati-cxs-OasisCore-FloorApi-Service,Releases/15.2.0,No
ati-cxs-OasisCore-FloorApi-Service,master,No
ati-cxs-OasisCore-FloorLogix,Dev/Oasis15-3-0,Yes
ati-cxs-OasisCore-FloorLogix,Patch/15.2.5,Yes
ati-cxs-OasisCore-FloorLogix,Releases/12.14.1140,Yes
ati-cxs-OasisCore-FloorLogix,master,Yes
ati-cxs-OasisCore-FolioService,Dev/Oasis15-3-0,Yes
ati-cxs-OasisCore-FolioService,main,No
ati-cxs-OasisCore-Gateway,Dev/Oasis15-3-0,Yes
ati-cxs-OasisCore-Gateway,main,No
ati-cxs-OasisCore-HeadCount,Dev/Oasis15-3-0,Yes
ati-cxs-OasisCore-HeadCount,main,No
ati-cxs-OasisCore-JackpotFill-BFF,Dev/Oasis15-3-0,Yes
ati-cxs-OasisCore-JackpotFill-BFF,main,No
ati-cxs-OasisCore-JackpotFill-ThickClient,Dev/Oasis15-3-0,Yes
ati-cxs-OasisCore-JackpotFill-ThickClient,main,No
ati-cxs-OasisCore-JackpotFill-UI,main,Yes
ati-cxs-OasisCore-JackpotService,Dev/Oasis15-3,Yes
ati-cxs-OasisCore-JackpotService,master,No
ati-cxs-OasisCore-JurisdictionalReportUtility,Dev/Oasis15-3-0,Yes
ati-cxs-OasisCore-JurisdictionalReportUtility,main,No
ati-cxs-OasisCore-Launcher.Service,"""refs/heads/Releases/1.0.0""",Yes
ati-cxs-OasisCore-Launcher.Service,main,No
ati-cxs-OasisCore-Launcher.UI,main,No
ati-cxs-OasisCore-Launcher.UI,refs/heads/Releases/1.0.0,Yes
ati-cxs-OasisCore-LicenseFileCreater,Dev/Oasis15-3-0,Yes
ati-cxs-OasisCore-LicenseFileCreater,main,No
ati-cxs-OasisCore-LicenseFileManager,Dev/Oasis15-3-0,Yes
ati-cxs-OasisCore-LicenseFileManager,main,No
ati-cxs-OasisCore-Licensing.AdministratorService,"""refs/heads/Dev/dev""",No
ati-cxs-OasisCore-Licensing.AdministratorService,main,Yes
ati-cxs-OasisCore-Licensing.AdministratorUI,main,Yes
ati-cxs-OasisCore-Licensing.AdministratorUI,refs/heads/Dev/dev,No
ati-cxs-OasisCore-Licensing.Importer.UI,main,Yes
ati-cxs-OasisCore-Licensing.Importer.UI,refs/heads/Dev/dev,No
ati-cxs-OasisCore-Licensing.ImporterService,"""refs/heads/Dev/dev""",No
ati-cxs-OasisCore-Licensing.ImporterService,main,Yes
ati-cxs-OasisCore-MRDV-Oasis15-0MR-SurveillanceMonitor,main,Yes
ati-cxs-OasisCore-ManagementApp,"""refs/heads/Releases/3.0.0""",Yes
ati-cxs-OasisCore-ManagementApp,"""refs/heads/Releases/3.1.0""",Yes
ati-cxs-OasisCore-ManagementApp,"""refs/pull/58831/merge""",Yes
ati-cxs-OasisCore-ManagementApp,main,No
ati-cxs-OasisCore-ManagementUI,main,No
ati-cxs-OasisCore-ManagementUI,refs/heads/Releases/3.0.0,Yes
ati-cxs-OasisCore-ManagementUI,refs/heads/Releases/3.1.0,Yes
ati-cxs-OasisCore-ManagementUI,refs/pull/58832/merge,Yes
ati-cxs-OasisCore-MarketingManager,Dev/Oasis15-3-0,Yes
ati-cxs-OasisCore-MarketingManager,main,No
ati-cxs-OasisCore-MarketingService,Dev/Oasis15-3-0,Yes
ati-cxs-OasisCore-MarketingService,Dev/Oasis15.3,Yes
ati-cxs-OasisCore-MarketingService,main,No
ati-cxs-OasisCore-MessageRelayService,15.3,No
ati-cxs-OasisCore-MessageRelayService,Dev/15.3,Yes
ati-cxs-OasisCore-MessageRelayService,main,No
ati-cxs-OasisCore-Meter-Service,"""""",No
ati-cxs-OasisCore-Meter-Service,"""refs/heads/Dev/Oasis15.3""",No
ati-cxs-OasisCore-Meter-Service,"""refs/heads/Patch/15.2.4""",No
ati-cxs-OasisCore-Meter-Service,"""refs/heads/Releases/15.2.0""",No
ati-cxs-OasisCore-Meter-Service,Dev/Oasis15.3,Yes
ati-cxs-OasisCore-Meter-Service,Patch/15.2.4,No
ati-cxs-OasisCore-Meter-Service,Releases/15.2.0,No
ati-cxs-OasisCore-Meter-Service,master,No
ati-cxs-OasisCore-MeterComparison,Dev/Oasis15-3-0,Yes
ati-cxs-OasisCore-MeterComparison,main,No
ati-cxs-OasisCore-NewOasis,Main,No
ati-cxs-OasisCore-NewOasis,main,Yes
ati-cxs-OasisCore-Oasis-nConnect,Dev/15.3,Yes
ati-cxs-OasisCore-Oasis-nConnect,Patch/15.2.15,Yes
ati-cxs-OasisCore-Oasis-nConnect,main,No
ati-cxs-OasisCore-OasisWildwoodCasino-MRDV-FloorLogix,main,Yes
ati-cxs-OasisCore-OasisWildwoodCasino-RL-FloorLogix,main,Yes
ati-cxs-OasisCore-OhioW2GExtract,Dev/Oasis15-3-0,Yes
ati-cxs-OasisCore-OhioW2GExtract,main,No
ati-cxs-OasisCore-OmniView,Dev/Oasis15-3-0,Yes
ati-cxs-OasisCore-OmniView,main,No
ati-cxs-OasisCore-PT-Oasis15-2-4-Administrator,main,Yes
ati-cxs-OasisCore-PT-Oasis15-2-4-BlackBart,main,Yes
ati-cxs-OasisCore-PT-Oasis15-2-4-S2SCS,main,Yes
ati-cxs-OasisCore-PatronBalSvc,Dev/Oasis15-3-0,Yes
ati-cxs-OasisCore-PatronBalSvc,main,No
ati-cxs-OasisCore-PatronService,Dev/Oasis15-3-0,Yes
ati-cxs-OasisCore-PatronService,main,No
ati-cxs-OasisCore-PitBOSS,Dev/Oasis15-3-0,Yes
ati-cxs-OasisCore-PitBOSS,Patch/15.2.15,Yes
ati-cxs-OasisCore-PitBOSS,main,No
ati-cxs-OasisCore-PitPrinter,Dev/Oasis15-3-0,Yes
ati-cxs-OasisCore-PitPrinter,main,No
ati-cxs-OasisCore-PlayerService,Dev/Oasis15-3,Yes
ati-cxs-OasisCore-PlayerService,master,Yes
ati-cxs-OasisCore-PollerClient,"""refs/heads/Dev/PollerClient15.3""",Yes
ati-cxs-OasisCore-PollerClient,main,No
ati-cxs-OasisCore-PropertyInfo,"""refs/heads/Dev/Oasis15-3""",No
ati-cxs-OasisCore-PropertyInfo,"""refs/heads/Patch/15.2.4""",No
ati-cxs-OasisCore-PropertyInfo,Dev/Oasis15-3,Yes
ati-cxs-OasisCore-PropertyInfo,Patch/15.2.4,No
ati-cxs-OasisCore-PropertyInfo,main,No
ati-cxs-OasisCore-PropertyService,Dev/15.3,Yes
ati-cxs-OasisCore-PropertyService,master,No
ati-cxs-OasisCore-ProximityCalculator,"""refs/heads/Dev/neutronProximity16-0""",No
ati-cxs-OasisCore-ProximityCalculator,main,Yes
ati-cxs-OasisCore-QuickFunds,Dev/Oasis15-3-0,Yes
ati-cxs-OasisCore-QuickFunds,main,No
ati-cxs-OasisCore-Quickets,$(SourceBranchName),No
ati-cxs-OasisCore-Quickets,Main,Yes
ati-cxs-OasisCore-Quickets,master,No
ati-cxs-OasisCore-Quickets-BFF,Dev/Oasis15-3-0,No
ati-cxs-OasisCore-Quickets-BFF,Dev/Oasis15.3,Yes
ati-cxs-OasisCore-Quickets-BFF,main,No
ati-cxs-OasisCore-RCCL-MMI,Main,No
ati-cxs-OasisCore-RCCL-MMI,main,Yes
ati-cxs-OasisCore-RCCL-VDMI,Dev/Oasis15-3-0,Yes
ati-cxs-OasisCore-RCCL-VDMI,main,No
ati-cxs-OasisCore-RCCLVDMI,Releases/12.14.1140,Yes
ati-cxs-OasisCore-RCCLVDMI,main,No
ati-cxs-OasisCore-RL-6.4.0-IdentityServer,"""refs/heads/Releases/6.4.0""",Yes
ati-cxs-OasisCore-RL-6.4.0-IdentityServer,main,No
ati-cxs-OasisCore-RL-Oasis15-0-S2SCS,main,Yes
ati-cxs-OasisCore-RL-Oasis15-0-SecurityService,main,Yes
ati-cxs-OasisCore-RL-Oasis15-0-SpeedMedia,main,Yes
ati-cxs-OasisCore-RL-Oasis15-0-SurveillanceMonitor,main,Yes
ati-cxs-OasisCore-RL-Oasis15-1-SurveillanceMonitor,main,Yes
ati-cxs-OasisCore-RL-Oasis15-2-S2SCS,main,Yes
ati-cxs-OasisCore-RabbitMq.Sdk,main,Yes
ati-cxs-OasisCore-S2SCS,Dev/Oasis15-3-0,Yes
ati-cxs-OasisCore-S2SCS,Patch/15.2.5,Yes
ati-cxs-OasisCore-S2SCS,master,Yes
ati-cxs-OasisCore-SchedulerService,Dev/Oasis15-3-0,Yes
ati-cxs-OasisCore-SchedulerService,main,No
ati-cxs-OasisCore-SecurityService,Dev/Oasis15-3-0,Yes
ati-cxs-OasisCore-SecurityService,master,Yes
ati-cxs-OasisCore-Settings-Service,"""refs/heads/Patch/15.2.4""",Yes
ati-cxs-OasisCore-Settings-Service,main,No
ati-cxs-OasisCore-SightingsApi,"""refs/heads/Dev/neutronProximity16-0""",No
ati-cxs-OasisCore-SightingsApi,main,Yes
ati-cxs-OasisCore-SlotApi,"""refs/heads/Dev/SlotManager15.3""",Yes
ati-cxs-OasisCore-SlotApi,main,No
ati-cxs-OasisCore-SlotEvent,"""refs/heads/Dev/SlotManager15.3""",Yes
ati-cxs-OasisCore-SlotEvent,main,No
ati-cxs-OasisCore-SpeedMedia,Dev/Oasis15-3-0,Yes
ati-cxs-OasisCore-SpeedMedia,main,Yes
ati-cxs-OasisCore-SuperPlaymate,Dev/Oasis15-3-0,Yes
ati-cxs-OasisCore-SuperPlaymate,Patch/15.2.15,Yes
ati-cxs-OasisCore-SuperPlaymate,main,No
ati-cxs-OasisCore-SurveillanceMonitor,Dev/Oasis15-3-0,Yes
ati-cxs-OasisCore-SurveillanceMonitor,main,Yes
ati-cxs-OasisCore-TaxFormInfo,Dev/15.3,Yes
ati-cxs-OasisCore-TaxFormInfo,main,No
ati-cxs-OasisCore-TaxFormInfo,master,No
ati-cxs-OasisCore-TicketingUI,$(build.SourceBranchName,No
ati-cxs-OasisCore-TicketingUI,Dev/Oasis15-3-0,Yes
ati-cxs-OasisCore-TicketingUI,Oasis15.3,No
ati-cxs-OasisCore-TicketingUI,main,No
ati-cxs-OasisCore-UAC.Service,"""refs/heads/Releases/1.0.0""",Yes
ati-cxs-OasisCore-UAC.Service,main,No
ati-cxs-OasisCore-UAC.UI,main,No
ati-cxs-OasisCore-UAC.UI,refs/heads/Dev/dev,Yes
ati-cxs-OasisCore-UAC.UI,refs/heads/Releases/1.0.0,Yes
ati-cxs-OasisCore-VoucherService,Dev/Oasis15.3,Yes
ati-cxs-OasisCore-VoucherService,main,No
ati-cxs-OasisCore-W2G,Dev/Oasis15-3-0,Yes
ati-cxs-OasisCore-W2G,main,No
ati-cxs-OasisCore-WatchDog,Dev/Oasis15-3-0,Yes
ati-cxs-OasisCore-WatchDog,main,No
ati-cxs-OasisCore-WisconsinExtract,Dev/Oasis15-3-0,Yes
ati-cxs-OasisCore-WisconsinExtract,main,No
ati-cxs-OasisCore-nTime,Dev/Oasis15-3-0,Yes
ati-cxs-OasisCore-nTime,master,Yes
ati-cxs-OasisCore-x2s,Dev/Oasis15-3-0,Yes
ati-cxs-OasisCore-x2s,master,No
ati-cxs-OasisLoyalty-BucketsManagement,"""refs/heads/Dev/OL15.3""",Yes
ati-cxs-OasisLoyalty-BucketsManagement,master,No
ati-cxs-OasisLoyalty-BucketsTransactions,"""refs/heads/Dev/OL15.3""",Yes
ati-cxs-OasisLoyalty-BucketsTransactions,master,No
ati-cxs-OasisLoyalty-BulkCardPrint,"""refs/heads/Dev/OL15.3""",Yes
ati-cxs-OasisLoyalty-BulkCardPrint,master,No
ati-cxs-OasisLoyalty-DeliveryService,"""refs/heads/Dev/OL15.3""",Yes
ati-cxs-OasisLoyalty-DeliveryService,"""refs/heads/master""",Yes
ati-cxs-OasisLoyalty-DeliveryService,master,No
ati-cxs-OasisLoyalty-Doorman,"""refs/heads/Dev/OL15.3""",Yes
ati-cxs-OasisLoyalty-Doorman,master,No
ati-cxs-OasisLoyalty-DoormanService,"""refs/heads/Dev/OL15.3""",Yes
ati-cxs-OasisLoyalty-DoormanService,master,No
ati-cxs-OasisLoyalty-EncryptIdentity,"""refs/heads/Dev/OL15.3""",Yes
ati-cxs-OasisLoyalty-EncryptIdentity,master,No
ati-cxs-OasisLoyalty-Encryptifier,"""refs/heads/Dev/OL15.3""",Yes
ati-cxs-OasisLoyalty-Encryptifier,main,No
ati-cxs-OasisLoyalty-Encryptor,"""refs/heads/Dev/OL15.3""",Yes
ati-cxs-OasisLoyalty-Encryptor,main,No
ati-cxs-OasisLoyalty-GatewayTesterApp,"""refs/heads/Dev/OL15.3""",Yes
ati-cxs-OasisLoyalty-GatewayTesterApp,main,No
ati-cxs-OasisLoyalty-InitialImporter,"""refs/heads/Dev/OL15.3""",Yes
ati-cxs-OasisLoyalty-InitialImporter,main,No
ati-cxs-OasisLoyalty-IntegrationGateway,"""refs/heads/Dev/OL15.3""",Yes
ati-cxs-OasisLoyalty-IntegrationGateway,master,No
ati-cxs-OasisLoyalty-InventoryCashCheckout,"""refs/heads/Dev/OL15.3""",Yes
ati-cxs-OasisLoyalty-InventoryCashCheckout,master,No
ati-cxs-OasisLoyalty-KioskGateway,"""refs/heads/Dev/OL15.3""",Yes
ati-cxs-OasisLoyalty-KioskGateway,master,No
ati-cxs-OasisLoyalty-LoginSyncService,"""refs/heads/Patch/15.2.5""",No
ati-cxs-OasisLoyalty-LoginSyncService,main,Yes
ati-cxs-OasisLoyalty-Lookup,"""refs/heads/Dev/OL15.3""",Yes
ati-cxs-OasisLoyalty-Lookup,master,No
ati-cxs-OasisLoyalty-LoyaltyAssist,"""refs/heads/Dev/OL15.3""",Yes
ati-cxs-OasisLoyalty-LoyaltyAssist,master,No
ati-cxs-OasisLoyalty-LoyaltyBackend,"""refs/heads/Dev/OL15.3""",Yes
ati-cxs-OasisLoyalty-LoyaltyBackend,master,No
ati-cxs-OasisLoyalty-LoyaltyCoretoolbox,"""refs/heads/Dev/OL15.3""",Yes
ati-cxs-OasisLoyalty-LoyaltyCoretoolbox,main,No
ati-cxs-OasisLoyalty-LoyaltyExclusionMigration,"""refs/heads/Dev/OL15.3""",Yes
ati-cxs-OasisLoyalty-LoyaltyExclusionMigration,main,No
ati-cxs-OasisLoyalty-LoyaltyLite,"""refs/heads/Dev/OL15.3""",Yes
ati-cxs-OasisLoyalty-LoyaltyLite,master,No
ati-cxs-OasisLoyalty-LoyaltyLiteService,"""refs/heads/Dev/OL15.3""",Yes
ati-cxs-OasisLoyalty-LoyaltyLiteService,master,No
ati-cxs-OasisLoyalty-LoyaltyPrint,"""refs/heads/Dev/OL15.3""",Yes
ati-cxs-OasisLoyalty-LoyaltyPrint,master,No
ati-cxs-OasisLoyalty-LoyaltyUI,main,Yes
ati-cxs-OasisLoyalty-MarketingLoyalty,"""refs/heads/Dev/15.3""",Yes
ati-cxs-OasisLoyalty-MarketingLoyalty,master,No
ati-cxs-OasisLoyalty-MassImporter,"""refs/heads/Dev/OL15.3""",Yes
ati-cxs-OasisLoyalty-MassImporter,master,No
ati-cxs-OasisLoyalty-NonCashableLoyaltyGateway,"""refs/heads/Dev/OL15.3""",Yes
ati-cxs-OasisLoyalty-NonCashableLoyaltyGateway,master,No
ati-cxs-OasisLoyalty-OasisLoyaltyGateway,"""refs/heads/Dev/OL15.3""",Yes
ati-cxs-OasisLoyalty-OasisLoyaltyGateway,"""refs/heads/Sweety/UTCoverage/OL15.3""",Yes
ati-cxs-OasisLoyalty-OasisLoyaltyGateway,master,No
ati-cxs-OasisLoyalty-OfferImport,"""refs/heads/Dev/OL15.3""",Yes
ati-cxs-OasisLoyalty-OfferImport,master,No
ati-cxs-OasisLoyalty-Outbox,"""refs/heads/Dev/OL15.3""",Yes
ati-cxs-OasisLoyalty-Outbox,master,No
ati-cxs-OasisLoyalty-PatronLogix,"""refs/heads/Dev/OL15.3""",Yes
ati-cxs-OasisLoyalty-PatronLogix,master,No
ati-cxs-OasisLoyalty-PlayerInfoService,"""refs/heads/Dev/OL15.3""",Yes
ati-cxs-OasisLoyalty-PlayerInfoService,master,No
ati-cxs-OasisLoyalty-PropertyInfoService,"""refs/heads/Dev/OL15.3""",Yes
ati-cxs-OasisLoyalty-PropertyInfoService,master,No
ati-cxs-OasisLoyalty-ReportingService,"""refs/heads/Dev/OL15.3""",Yes
ati-cxs-OasisLoyalty-ReportingService,master,No
ati-cxs-OasisLoyalty-RewardsService,"""refs/heads/Dev/OL15.3""",Yes
ati-cxs-OasisLoyalty-RewardsService,master,No
ati-cxs-OasisLoyalty-Router,main,Yes
ati-cxs-OasisLoyalty-ServiceBus,"""refs/heads/Dev/OL15.3""",Yes
ati-cxs-OasisLoyalty-ServiceBus,master,No
ati-cxs-OasisLoyalty-ServiceMonitor,"""refs/heads/Dev/OL15.3""",Yes
ati-cxs-OasisLoyalty-ServiceMonitor,master,No
ati-cxs-OasisLoyalty-Synchronizer,"""refs/heads/Dev/OL15.3""",Yes
ati-cxs-OasisLoyalty-Synchronizer,master,No
ati-cxs-OasisLoyalty-TaskCoordinator,"""refs/heads/Dev/OL15.3""",Yes
ati-cxs-OasisLoyalty-TaskCoordinator,master,No
ati-cxs-OasisLoyalty-UniMerge,"""refs/heads/Dev/OL15.3""",Yes
ati-cxs-OasisLoyalty-UniMerge,main,No
ati-cxs-OasisLoyalty-UniMergeService,"""refs/heads/Dev/OL15.3""",Yes
ati-cxs-OasisLoyalty-UniMergeService,master,No
ati-cxs-OasisLoyalty-WebApp,"""refs/heads/Dev/OL15.3""",Yes
ati-cxs-OasisLoyalty-WebApp,master,No
ati-cxs-Ordering-Apps-DOT,main,No
ati-cxs-Ordering-Apps-DOT,refs/heads/master,Yes
ati-cxs-Ordering-Service-DOT,"""refs/heads/Dev/1.8.DotModifiers""",No
ati-cxs-Ordering-Service-DOT,"""refs/heads/master""",No
ati-cxs-Ordering-Service-DOT,main,Yes
ati-cxs-PlayerActivityStmt-App,main,Yes
ati-cxs-PlayerActivityStmt-App,refs/heads/Releases/2.0.0,No
ati-cxs-PlayerActivityStmt-Service,"""refs/heads/Dev/2.0.3-Digital-Card""",Yes
ati-cxs-PlayerActivityStmt-Service,"""refs/heads/Releases/2.0.1""",Yes
ati-cxs-PlayerActivityStmt-Service,"""refs/heads/Releases/2.0.2""",Yes
ati-cxs-PlayerActivityStmt-Service,"""refs/heads/Releases/2.0.3""",Yes
ati-cxs-PlayerActivityStmt-Service,main,No
ati-cxs-PlayerMax-ATI.Admin.API,"""refs/heads/Releases/15.1.0""",Yes
ati-cxs-PlayerMax-ATI.Admin.API,"""refs/heads/Releases/24.0.1""",Yes
ati-cxs-PlayerMax-ATI.Admin.API,"""refs/heads/Releases/24.0.2""",Yes
ati-cxs-PlayerMax-ATI.Admin.API,"""refs/heads/Releases/24.1.0""",Yes
ati-cxs-PlayerMax-ATI.Admin.API,"""refs/heads/Releases/24.1.1""",Yes
ati-cxs-PlayerMax-ATI.Admin.API,"""refs/heads/Releases/24.1.2""",Yes
ati-cxs-PlayerMax-ATI.Admin.API,"""refs/heads/Releases/24.2.0""",Yes
ati-cxs-PlayerMax-ATI.Admin.API,"""refs/heads/Releases/24.2.2""",Yes
ati-cxs-PlayerMax-ATI.Admin.API,"""refs/heads/Releases/25.0.0""",Yes
ati-cxs-PlayerMax-ATI.Admin.API,"""refs/heads/Releases/25.1.0""",Yes
ati-cxs-PlayerMax-ATI.Admin.API,"""refs/heads/dev/24.0.2-Agilysys""",Yes
ati-cxs-PlayerMax-ATI.Admin.API,"""refs/heads/dev/24.0.3-txprivacy""",Yes
ati-cxs-PlayerMax-ATI.Admin.API,"""refs/heads/dev/24.1.2-Digital-Card""",Yes
ati-cxs-PlayerMax-ATI.Admin.API,"""refs/heads/dev/24.2.1-Agilysys""",Yes
ati-cxs-PlayerMax-ATI.Admin.API,"""refs/heads/dev/24.2.2-txprivacy""",Yes
ati-cxs-PlayerMax-ATI.Admin.API,"""refs/heads/dev/25.0.0-SelfEnrollment""",Yes
ati-cxs-PlayerMax-ATI.Admin.API,"""refs/heads/dev/MobileFoundationPhase1""",Yes
ati-cxs-PlayerMax-ATI.Admin.API,"""refs/heads/dev/NMTPhase2""",Yes
ati-cxs-PlayerMax-ATI.Admin.API,"""refs/heads/dev/NeutronPhase1""",Yes
ati-cxs-PlayerMax-ATI.Admin.API,"""refs/heads/dev/SelfEnrollment_idverse""",Yes
ati-cxs-PlayerMax-ATI.Admin.API,"""refs/heads/dev/SustainableAustralia""",Yes
ati-cxs-PlayerMax-ATI.Admin.API,"""refs/heads/dev/UNIMAMGaps""",Yes
ati-cxs-PlayerMax-ATI.Admin.API,"""refs/heads/dev/cloudenablement""",Yes
ati-cxs-PlayerMax-ATI.Admin.API,Dev/26.2.0-MAM-Enhancement,Yes
ati-cxs-PlayerMax-ATI.Admin.API,Dev/MyPlayToNMT,Yes
ati-cxs-PlayerMax-ATI.Admin.API,Releases/26.2.0,Yes
ati-cxs-PlayerMax-ATI.Admin.API,Releases/26.3.0,Yes
ati-cxs-PlayerMax-ATI.Admin.API,enable-sonar-ut,Yes
ati-cxs-PlayerMax-ATI.Admin.API,master,No
ati-cxs-PlayerMax-ATI.PlayerMax.HMS.API,"""refs/heads/Releases/15.1.0""",Yes
ati-cxs-PlayerMax-ATI.PlayerMax.HMS.API,"""refs/heads/Releases/24.0.2""",Yes
ati-cxs-PlayerMax-ATI.PlayerMax.HMS.API,"""refs/heads/Releases/24.1.0""",Yes
ati-cxs-PlayerMax-ATI.PlayerMax.HMS.API,"""refs/heads/Releases/24.1.1""",Yes
ati-cxs-PlayerMax-ATI.PlayerMax.HMS.API,"""refs/heads/Releases/24.1.2""",Yes
ati-cxs-PlayerMax-ATI.PlayerMax.HMS.API,"""refs/heads/Releases/24.2.0""",Yes
ati-cxs-PlayerMax-ATI.PlayerMax.HMS.API,"""refs/heads/Releases/24.2.2""",Yes
ati-cxs-PlayerMax-ATI.PlayerMax.HMS.API,"""refs/heads/Releases/25.0.0""",Yes
ati-cxs-PlayerMax-ATI.PlayerMax.HMS.API,"""refs/heads/Releases/25.1.0""",Yes
ati-cxs-PlayerMax-ATI.PlayerMax.HMS.API,"""refs/heads/dev/24.0.2-Agilysys""",Yes
ati-cxs-PlayerMax-ATI.PlayerMax.HMS.API,"""refs/heads/dev/24.0.3-txprivacy""",Yes
ati-cxs-PlayerMax-ATI.PlayerMax.HMS.API,"""refs/heads/dev/24.1.2-Digital-Card""",Yes
ati-cxs-PlayerMax-ATI.PlayerMax.HMS.API,"""refs/heads/dev/24.2.1-Agilysys""",Yes
ati-cxs-PlayerMax-ATI.PlayerMax.HMS.API,"""refs/heads/dev/24.2.2-txprivacy""",Yes
ati-cxs-PlayerMax-ATI.PlayerMax.HMS.API,"""refs/heads/dev/25.0.0-SelfEnrollment""",Yes
ati-cxs-PlayerMax-ATI.PlayerMax.HMS.API,"""refs/heads/dev/MobileFoundationPhase1""",Yes
ati-cxs-PlayerMax-ATI.PlayerMax.HMS.API,"""refs/heads/dev/NMTPhase2""",Yes
ati-cxs-PlayerMax-ATI.PlayerMax.HMS.API,"""refs/heads/dev/NeutronPhase1""",Yes
ati-cxs-PlayerMax-ATI.PlayerMax.HMS.API,"""refs/heads/dev/SelfEnrollment_idverse""",Yes
ati-cxs-PlayerMax-ATI.PlayerMax.HMS.API,"""refs/heads/dev/UNIMAMGaps""",Yes
ati-cxs-PlayerMax-ATI.PlayerMax.HMS.API,"""refs/heads/dev/cloudenablement""",Yes
ati-cxs-PlayerMax-ATI.PlayerMax.HMS.API,Dev/26.2.0-MAM-Enhancement,Yes
ati-cxs-PlayerMax-ATI.PlayerMax.HMS.API,Dev/MyPlayToNMT,Yes
ati-cxs-PlayerMax-ATI.PlayerMax.HMS.API,Releases/26.2.0,Yes
ati-cxs-PlayerMax-ATI.PlayerMax.HMS.API,Releases/26.3.0,Yes
ati-cxs-PlayerMax-ATI.PlayerMax.HMS.API,enable-sonar-ut,Yes
ati-cxs-PlayerMax-ATI.PlayerMax.HMS.API,master,No
ati-cxs-PlayerMax-ATI.Scheduler.Service,"""refs/heads/Releases/15.1.0""",Yes
ati-cxs-PlayerMax-ATI.Scheduler.Service,"""refs/heads/Releases/24.0.1""",Yes
ati-cxs-PlayerMax-ATI.Scheduler.Service,"""refs/heads/Releases/24.0.2""",Yes
ati-cxs-PlayerMax-ATI.Scheduler.Service,"""refs/heads/Releases/24.1.0""",Yes
ati-cxs-PlayerMax-ATI.Scheduler.Service,"""refs/heads/Releases/24.1.1""",Yes
ati-cxs-PlayerMax-ATI.Scheduler.Service,"""refs/heads/Releases/24.1.2""",Yes
ati-cxs-PlayerMax-ATI.Scheduler.Service,"""refs/heads/Releases/24.2.0""",Yes
ati-cxs-PlayerMax-ATI.Scheduler.Service,"""refs/heads/Releases/24.2.2""",Yes
ati-cxs-PlayerMax-ATI.Scheduler.Service,"""refs/heads/Releases/25.0.0""",Yes
ati-cxs-PlayerMax-ATI.Scheduler.Service,"""refs/heads/Releases/25.1.0""",Yes
ati-cxs-PlayerMax-ATI.Scheduler.Service,"""refs/heads/dev/24.0.2-Agilysys""",Yes
ati-cxs-PlayerMax-ATI.Scheduler.Service,"""refs/heads/dev/24.0.3-txprivacy""",Yes
ati-cxs-PlayerMax-ATI.Scheduler.Service,"""refs/heads/dev/24.1.2-Digital-Card""",Yes
ati-cxs-PlayerMax-ATI.Scheduler.Service,"""refs/heads/dev/24.2.1-Agilysys""",Yes
ati-cxs-PlayerMax-ATI.Scheduler.Service,"""refs/heads/dev/24.2.2-txprivacy""",Yes
ati-cxs-PlayerMax-ATI.Scheduler.Service,"""refs/heads/dev/25.0.0-SelfEnrollment""",Yes
ati-cxs-PlayerMax-ATI.Scheduler.Service,"""refs/heads/dev/MobileFoundationPhase1""",Yes
ati-cxs-PlayerMax-ATI.Scheduler.Service,"""refs/heads/dev/NMTPhase2""",Yes
ati-cxs-PlayerMax-ATI.Scheduler.Service,"""refs/heads/dev/NeutronPhase1""",Yes
ati-cxs-PlayerMax-ATI.Scheduler.Service,"""refs/heads/dev/SelfEnrollment_idverse""",Yes
ati-cxs-PlayerMax-ATI.Scheduler.Service,"""refs/heads/dev/SustainableAustralia""",Yes
ati-cxs-PlayerMax-ATI.Scheduler.Service,"""refs/heads/dev/UNIMAMGaps""",Yes
ati-cxs-PlayerMax-ATI.Scheduler.Service,"""refs/heads/dev/cloudenablement""",Yes
ati-cxs-PlayerMax-ATI.Scheduler.Service,Dev/MyPlayToNMT,Yes
ati-cxs-PlayerMax-ATI.Scheduler.Service,Releases/26.2.0,Yes
ati-cxs-PlayerMax-ATI.Scheduler.Service,Releases/26.3.0,Yes
ati-cxs-PlayerMax-ATI.Scheduler.Service,enable-sonar-ut,Yes
ati-cxs-PlayerMax-ATI.Scheduler.Service,master,No
ati-cxs-PlayerMax-COGWebAPI,"""refs/heads/Releases/15.1.0""",Yes
ati-cxs-PlayerMax-COGWebAPI,"""refs/heads/Releases/24.0.1""",Yes
ati-cxs-PlayerMax-COGWebAPI,"""refs/heads/Releases/24.0.2""",Yes
ati-cxs-PlayerMax-COGWebAPI,"""refs/heads/Releases/24.1.0""",Yes
ati-cxs-PlayerMax-COGWebAPI,"""refs/heads/Releases/24.1.1""",Yes
ati-cxs-PlayerMax-COGWebAPI,"""refs/heads/Releases/24.1.2""",Yes
ati-cxs-PlayerMax-COGWebAPI,"""refs/heads/Releases/24.2.0""",Yes
ati-cxs-PlayerMax-COGWebAPI,"""refs/heads/Releases/24.2.2""",Yes
ati-cxs-PlayerMax-COGWebAPI,"""refs/heads/Releases/25.0.0""",Yes
ati-cxs-PlayerMax-COGWebAPI,"""refs/heads/Releases/25.1.0""",Yes
ati-cxs-PlayerMax-COGWebAPI,"""refs/heads/dev/24.0.2-Agilysys""",Yes
ati-cxs-PlayerMax-COGWebAPI,"""refs/heads/dev/24.0.3-txprivacy""",Yes
ati-cxs-PlayerMax-COGWebAPI,"""refs/heads/dev/24.1.2-Digital-Card""",Yes
ati-cxs-PlayerMax-COGWebAPI,"""refs/heads/dev/24.2.1-Agilysys""",Yes
ati-cxs-PlayerMax-COGWebAPI,"""refs/heads/dev/24.2.2-txprivacy""",Yes
ati-cxs-PlayerMax-COGWebAPI,"""refs/heads/dev/25.0.0-SelfEnrollment""",Yes
ati-cxs-PlayerMax-COGWebAPI,"""refs/heads/dev/MobileFoundationPhase1""",Yes
ati-cxs-PlayerMax-COGWebAPI,"""refs/heads/dev/NMTPhase2""",Yes
ati-cxs-PlayerMax-COGWebAPI,"""refs/heads/dev/NeutronPhase1""",Yes
ati-cxs-PlayerMax-COGWebAPI,"""refs/heads/dev/SelfEnrollment_idverse""",Yes
ati-cxs-PlayerMax-COGWebAPI,"""refs/heads/dev/SustainableAustralia""",Yes
ati-cxs-PlayerMax-COGWebAPI,"""refs/heads/dev/cloudenablement""",Yes
ati-cxs-PlayerMax-COGWebAPI,Dev/26.2.0-MAM-Enhancement,Yes
ati-cxs-PlayerMax-COGWebAPI,Dev/26.4.0-cardless-cashless,Yes
ati-cxs-PlayerMax-COGWebAPI,Dev/MyPlayToNMT,Yes
ati-cxs-PlayerMax-COGWebAPI,MukulM/Releases/DigitalWalletDisableSharing,Yes
ati-cxs-PlayerMax-COGWebAPI,Releases/24.1.2,Yes
ati-cxs-PlayerMax-COGWebAPI,Releases/26.2.0,Yes
ati-cxs-PlayerMax-COGWebAPI,Releases/26.3.0,Yes
ati-cxs-PlayerMax-COGWebAPI,enable-sonar-ut,Yes
ati-cxs-PlayerMax-COGWebAPI,master,No
ati-cxs-PlayerMax-PublisherService,"""refs/heads/Releases/15.1.0""",Yes
ati-cxs-PlayerMax-PublisherService,"""refs/heads/Releases/24.0.1""",Yes
ati-cxs-PlayerMax-PublisherService,"""refs/heads/Releases/24.0.2""",Yes
ati-cxs-PlayerMax-PublisherService,"""refs/heads/Releases/24.1.0""",Yes
ati-cxs-PlayerMax-PublisherService,"""refs/heads/Releases/24.1.1""",Yes
ati-cxs-PlayerMax-PublisherService,"""refs/heads/Releases/24.1.2""",Yes
ati-cxs-PlayerMax-PublisherService,"""refs/heads/Releases/24.2.0""",Yes
ati-cxs-PlayerMax-PublisherService,"""refs/heads/Releases/24.2.2""",Yes
ati-cxs-PlayerMax-PublisherService,"""refs/heads/Releases/25.0.0""",Yes
ati-cxs-PlayerMax-PublisherService,"""refs/heads/Releases/25.1.0""",Yes
ati-cxs-PlayerMax-PublisherService,"""refs/heads/dev/24.0.2-Agilysys""",Yes
ati-cxs-PlayerMax-PublisherService,"""refs/heads/dev/24.0.3-txprivacy""",Yes
ati-cxs-PlayerMax-PublisherService,"""refs/heads/dev/24.1.2-Digital-Card""",Yes
ati-cxs-PlayerMax-PublisherService,"""refs/heads/dev/24.2.1-Agilysys""",Yes
ati-cxs-PlayerMax-PublisherService,"""refs/heads/dev/24.2.2-txprivacy""",Yes
ati-cxs-PlayerMax-PublisherService,"""refs/heads/dev/25.0.0-SelfEnrollment""",Yes
ati-cxs-PlayerMax-PublisherService,"""refs/heads/dev/MobileFoundationPhase1""",Yes
ati-cxs-PlayerMax-PublisherService,"""refs/heads/dev/NMTPhase2""",Yes
ati-cxs-PlayerMax-PublisherService,"""refs/heads/dev/NeutronPhase1""",Yes
ati-cxs-PlayerMax-PublisherService,"""refs/heads/dev/SelfEnrollment_idverse""",Yes
ati-cxs-PlayerMax-PublisherService,"""refs/heads/dev/SustainableAustralia""",Yes
ati-cxs-PlayerMax-PublisherService,"""refs/heads/dev/cloudenablement""",Yes
ati-cxs-PlayerMax-PublisherService,Dev/26.2.0-MAM-Enhancement,Yes
ati-cxs-PlayerMax-PublisherService,Dev/MyPlayToNMT,Yes
ati-cxs-PlayerMax-PublisherService,Releases/26.2.0,Yes
ati-cxs-PlayerMax-PublisherService,Releases/26.3.0,Yes
ati-cxs-PlayerMax-PublisherService,enable-sonar-ut,Yes
ati-cxs-PlayerMax-PublisherService,master,No
ati-cxs-PlayerMaxService-ATI.MigrateUser,"""refs/heads/Releases/15.1.0""",Yes
ati-cxs-PlayerMaxService-ATI.MigrateUser,"""refs/heads/Releases/24.0.1""",Yes
ati-cxs-PlayerMaxService-ATI.MigrateUser,"""refs/heads/Releases/24.0.2""",Yes
ati-cxs-PlayerMaxService-ATI.MigrateUser,"""refs/heads/Releases/24.1.0""",Yes
ati-cxs-PlayerMaxService-ATI.MigrateUser,"""refs/heads/Releases/24.2.0""",Yes
ati-cxs-PlayerMaxService-ATI.MigrateUser,"""refs/heads/Releases/24.2.2""",Yes
ati-cxs-PlayerMaxService-ATI.MigrateUser,"""refs/heads/Releases/25.0.0""",Yes
ati-cxs-PlayerMaxService-ATI.MigrateUser,"""refs/heads/Releases/25.1.0""",Yes
ati-cxs-PlayerMaxService-ATI.MigrateUser,"""refs/heads/dev/24.0.2-Agilysys""",Yes
ati-cxs-PlayerMaxService-ATI.MigrateUser,"""refs/heads/dev/24.0.3-txprivacy""",Yes
ati-cxs-PlayerMaxService-ATI.MigrateUser,"""refs/heads/dev/24.1.2-Digital-Card""",Yes
ati-cxs-PlayerMaxService-ATI.MigrateUser,"""refs/heads/dev/24.2.1-Agilysys""",Yes
ati-cxs-PlayerMaxService-ATI.MigrateUser,"""refs/heads/dev/24.2.2-txprivacy""",Yes
ati-cxs-PlayerMaxService-ATI.MigrateUser,"""refs/heads/dev/25.0.0-SelfEnrollment""",Yes
ati-cxs-PlayerMaxService-ATI.MigrateUser,"""refs/heads/dev/MobileFoundationPhase1""",Yes
ati-cxs-PlayerMaxService-ATI.MigrateUser,"""refs/heads/dev/NMTPhase2""",Yes
ati-cxs-PlayerMaxService-ATI.MigrateUser,"""refs/heads/dev/NeutronPhase1""",Yes
ati-cxs-PlayerMaxService-ATI.MigrateUser,"""refs/heads/dev/SelfEnrollment_idverse""",Yes
ati-cxs-PlayerMaxService-ATI.MigrateUser,"""refs/heads/dev/SustainableAustralia""",Yes
ati-cxs-PlayerMaxService-ATI.MigrateUser,"""refs/heads/dev/UNIMAMGaps""",Yes
ati-cxs-PlayerMaxService-ATI.MigrateUser,"""refs/heads/dev/cloudenablement""",Yes
ati-cxs-PlayerMaxService-ATI.MigrateUser,Dev/26.2.0-MAM-Enhancement,Yes
ati-cxs-PlayerMaxService-ATI.MigrateUser,Dev/MyPlayToNMT,Yes
ati-cxs-PlayerMaxService-ATI.MigrateUser,Releases/26.2.0,Yes
ati-cxs-PlayerMaxService-ATI.MigrateUser,Releases/26.3.0,Yes
ati-cxs-PlayerMaxService-ATI.MigrateUser,enable-sonar-ut,Yes
ati-cxs-PlayerMaxService-ATI.MigrateUser,master,No
ati-cxs-Playermax-Administrator,Dev/26.2.0-MAM-Enhancement,Yes
ati-cxs-Playermax-Administrator,Dev/MyPlayToNMT,Yes
ati-cxs-Playermax-Administrator,Releases/26.2.0,Yes
ati-cxs-Playermax-Administrator,Releases/26.3.0,Yes
ati-cxs-Playermax-Administrator,enable-sonar-ut,Yes
ati-cxs-Playermax-Administrator,main,No
ati-cxs-Playermax-Administrator,master,No
ati-cxs-Playermax-Administrator,refs/heads/Releases/15.1.0,Yes
ati-cxs-Playermax-Administrator,refs/heads/Releases/24.0.1,Yes
ati-cxs-Playermax-Administrator,refs/heads/Releases/24.0.2,Yes
ati-cxs-Playermax-Administrator,refs/heads/Releases/24.1.0,Yes
ati-cxs-Playermax-Administrator,refs/heads/Releases/24.1.1,Yes
ati-cxs-Playermax-Administrator,refs/heads/Releases/24.1.2,Yes
ati-cxs-Playermax-Administrator,refs/heads/Releases/24.2.0,Yes
ati-cxs-Playermax-Administrator,refs/heads/Releases/24.2.2,Yes
ati-cxs-Playermax-Administrator,refs/heads/Releases/25.0.0,Yes
ati-cxs-Playermax-Administrator,refs/heads/Releases/25.1.0,Yes
ati-cxs-Playermax-Administrator,refs/heads/dev/24.0.2-Agilysys,Yes
ati-cxs-Playermax-Administrator,refs/heads/dev/24.0.3-txprivacy,Yes
ati-cxs-Playermax-Administrator,refs/heads/dev/24.1.2-Digital-Card,Yes
ati-cxs-Playermax-Administrator,refs/heads/dev/24.2.1-Agilysys,Yes
ati-cxs-Playermax-Administrator,refs/heads/dev/24.2.2-txprivacy,Yes
ati-cxs-Playermax-Administrator,refs/heads/dev/25.0.0-SelfEnrollment,Yes
ati-cxs-Playermax-Administrator,refs/heads/dev/MobileFoundationPhase1,Yes
ati-cxs-Playermax-Administrator,refs/heads/dev/NMTPhase2,Yes
ati-cxs-Playermax-Administrator,refs/heads/dev/NeutronPhase1,Yes
ati-cxs-Playermax-Administrator,refs/heads/dev/SelfEnrollment_idverse,Yes
ati-cxs-Playermax-Administrator,refs/heads/dev/SustainableAustralia,Yes
ati-cxs-Playermax-Administrator,refs/heads/dev/UNIMAMGaps,Yes
ati-cxs-Playermax-Administrator,refs/heads/dev/cloudenablement,Yes
ati-cxs-Playermax-CasinoService,"""refs/heads/Releases/15.1.0""",Yes
ati-cxs-Playermax-CasinoService,"""refs/heads/Releases/24.0.1""",Yes
ati-cxs-Playermax-CasinoService,"""refs/heads/Releases/24.0.2""",Yes
ati-cxs-Playermax-CasinoService,"""refs/heads/Releases/24.1.0""",Yes
ati-cxs-Playermax-CasinoService,"""refs/heads/Releases/24.1.1""",Yes
ati-cxs-Playermax-CasinoService,"""refs/heads/Releases/24.1.2""",Yes
ati-cxs-Playermax-CasinoService,"""refs/heads/Releases/24.2.0""",Yes
ati-cxs-Playermax-CasinoService,"""refs/heads/dev/24.0.2-Agilysys""",Yes
ati-cxs-Playermax-CasinoService,"""refs/heads/dev/24.1.2-Digital-Card""",Yes
ati-cxs-Playermax-CasinoService,"""refs/heads/dev/24.2.1-Agilysys""",Yes
ati-cxs-Playermax-CasinoService,"""refs/heads/dev/MobileFoundationPhase1""",Yes
ati-cxs-Playermax-CasinoService,"""refs/heads/dev/NeutronPhase1""",Yes
ati-cxs-Playermax-CasinoService,"""refs/heads/dev/SelfEnrollment_idverse""",Yes
ati-cxs-Playermax-CasinoService,"""refs/heads/dev/SustainableAustralia""",Yes
ati-cxs-Playermax-CasinoService,"""refs/heads/dev/cloudenablement""",Yes
ati-cxs-Playermax-CasinoService,Dev/26.2.0-MAM-Enhancement,Yes
ati-cxs-Playermax-CasinoService,Dev/MyPlayToNMT,Yes
ati-cxs-Playermax-CasinoService,Releases/24.1.2,Yes
ati-cxs-Playermax-CasinoService,Releases/26.2.0,Yes
ati-cxs-Playermax-CasinoService,Releases/26.3.0,Yes
ati-cxs-Playermax-CasinoService,enable-sonar-ut,Yes
ati-cxs-Playermax-CasinoService,master,No
ati-cxs-Playermax-HMS.WhiteListUploadHandler,Dev/26.2.0-MAM-Enhancement,Yes
ati-cxs-Playermax-HMS.WhiteListUploadHandler,Dev/MyPlayToNMT,Yes
ati-cxs-Playermax-HMS.WhiteListUploadHandler,Releases/26.2.0,Yes
ati-cxs-Playermax-HMS.WhiteListUploadHandler,Releases/26.3.0,Yes
ati-cxs-Playermax-HMS.WhiteListUploadHandler,enable-sonar-ut,Yes
ati-cxs-Playermax-HMS.WhiteListUploadHandler,main,No
ati-cxs-Playermax-MobileWebAdmin,"""refs/heads/Releases/15.1.0""",Yes
ati-cxs-Playermax-MobileWebAdmin,"""refs/heads/Releases/24.0.1""",Yes
ati-cxs-Playermax-MobileWebAdmin,"""refs/heads/Releases/24.0.2""",Yes
ati-cxs-Playermax-MobileWebAdmin,"""refs/heads/Releases/24.1.0""",Yes
ati-cxs-Playermax-MobileWebAdmin,"""refs/heads/Releases/24.1.2""",Yes
ati-cxs-Playermax-MobileWebAdmin,"""refs/heads/Releases/24.2.0""",Yes
ati-cxs-Playermax-MobileWebAdmin,"""refs/heads/Releases/24.2.2""",Yes
ati-cxs-Playermax-MobileWebAdmin,"""refs/heads/Releases/25.0.0""",Yes
ati-cxs-Playermax-MobileWebAdmin,"""refs/heads/Releases/25.1.0""",Yes
ati-cxs-Playermax-MobileWebAdmin,"""refs/heads/dev/24.0.2-Agilysys""",Yes
ati-cxs-Playermax-MobileWebAdmin,"""refs/heads/dev/24.0.3-txprivacy""",Yes
ati-cxs-Playermax-MobileWebAdmin,"""refs/heads/dev/24.1.2-Digital-Card""",Yes
ati-cxs-Playermax-MobileWebAdmin,"""refs/heads/dev/24.2.1-Agilysys""",Yes
ati-cxs-Playermax-MobileWebAdmin,"""refs/heads/dev/24.2.2-txprivacy""",Yes
ati-cxs-Playermax-MobileWebAdmin,"""refs/heads/dev/25.0.0-SelfEnrollment""",Yes
ati-cxs-Playermax-MobileWebAdmin,"""refs/heads/dev/MobileFoundationPhase1""",Yes
ati-cxs-Playermax-MobileWebAdmin,"""refs/heads/dev/NMTPhase2""",Yes
ati-cxs-Playermax-MobileWebAdmin,"""refs/heads/dev/NeutronPhase1""",Yes
ati-cxs-Playermax-MobileWebAdmin,"""refs/heads/dev/SelfEnrollment_idverse""",Yes
ati-cxs-Playermax-MobileWebAdmin,"""refs/heads/dev/SustainableAustralia""",Yes
ati-cxs-Playermax-MobileWebAdmin,"""refs/heads/dev/UNIMAMGaps""",Yes
ati-cxs-Playermax-MobileWebAdmin,"""refs/heads/dev/cloudenablement""",Yes
ati-cxs-Playermax-MobileWebAdmin,Dev/26.2.0-MAM-Enhancement,Yes
ati-cxs-Playermax-MobileWebAdmin,Dev/MyPlayToNMT,Yes
ati-cxs-Playermax-MobileWebAdmin,Releases/24.1.2,Yes
ati-cxs-Playermax-MobileWebAdmin,Releases/26.2.0,Yes
ati-cxs-Playermax-MobileWebAdmin,Releases/26.3.0,Yes
ati-cxs-Playermax-MobileWebAdmin,enable-sonar-ut,Yes
ati-cxs-Playermax-MobileWebAdmin,master,No
ati-cxs-Playermax-PlayerMaxApp,Arjun/Dev/Privacy-polcy-ui-issue,No
ati-cxs-Playermax-PlayerMaxApp,Dev/26.2.0-MAM-Enhancement,Yes
ati-cxs-Playermax-PlayerMaxApp,Dev/26.4.0-cardless-cashless,Yes
ati-cxs-Playermax-PlayerMaxApp,Dev/MyPlayToNMT,Yes
ati-cxs-Playermax-PlayerMaxApp,Releases/26.1.0,Yes
ati-cxs-Playermax-PlayerMaxApp,Releases/26.2.0,Yes
ati-cxs-Playermax-PlayerMaxApp,Releases/26.3.0,Yes
ati-cxs-Playermax-PlayerMaxApp,master,No
ati-cxs-Playermax-PlayerMaxApp,n104757/testmigration,Yes
ati-cxs-Playermax-PlayerMaxApp,nm106775test2620build,Yes
ati-cxs-Playermax-PlayerMaxApp,refs/heads/Dev/24.0.2-Agilysys,Yes
ati-cxs-Playermax-PlayerMaxApp,refs/heads/Dev/24.0.3-txprivacy,Yes
ati-cxs-Playermax-PlayerMaxApp,refs/heads/Dev/24.1.2-Digital-Card,Yes
ati-cxs-Playermax-PlayerMaxApp,refs/heads/Dev/24.2.1-Agilysys,Yes
ati-cxs-Playermax-PlayerMaxApp,refs/heads/Dev/24.2.2-txprivacy,Yes
ati-cxs-Playermax-PlayerMaxApp,refs/heads/Dev/25.0.0-SelfEnrollment,Yes
ati-cxs-Playermax-PlayerMaxApp,refs/heads/Dev/NMTPhase2,Yes
ati-cxs-Playermax-PlayerMaxApp,refs/heads/Releases/15.1,Yes
ati-cxs-Playermax-PlayerMaxApp,refs/heads/Releases/24.0.1,Yes
ati-cxs-Playermax-PlayerMaxApp,refs/heads/Releases/24.0.2,Yes
ati-cxs-Playermax-PlayerMaxApp,refs/heads/Releases/24.1,Yes
ati-cxs-Playermax-PlayerMaxApp,refs/heads/Releases/24.1.1,Yes
ati-cxs-Playermax-PlayerMaxApp,refs/heads/Releases/24.1.2,Yes
ati-cxs-Playermax-PlayerMaxApp,refs/heads/Releases/24.2,Yes
ati-cxs-Playermax-PlayerMaxApp,refs/heads/Releases/24.2.2,Yes
ati-cxs-Playermax-PlayerMaxApp,refs/heads/Releases/25.0.0,Yes
ati-cxs-Playermax-PlayerMaxApp,refs/heads/Releases/25.1.0,Yes
ati-cxs-Playermax-PlayerMaxApp,refs/heads/dev/MobileFoundationPhase1,Yes
ati-cxs-Playermax-PlayerMaxApp,refs/heads/dev/NeutronPhase1,Yes
ati-cxs-Playermax-PlayerMaxApp,refs/heads/dev/SelfEnrollment_idverse,Yes
ati-cxs-Playermax-PlayerMaxApp,refs/heads/dev/UNIMAMGaps,Yes
ati-cxs-Playermax-ReusableCompLibrary,Dev/26.3.0-markertrax-ext,Yes
ati-cxs-Playermax-ReusableCompLibrary,main,Yes
ati-cxs-Playermax-Transcoder,Dev/26.2.0-MAM-Enhancement,Yes
ati-cxs-Playermax-Transcoder,Dev/MyPlayToNMT,Yes
ati-cxs-Playermax-Transcoder,Releases/26.2.0,Yes
ati-cxs-Playermax-Transcoder,Releases/26.3.0,Yes
ati-cxs-Playermax-Transcoder,enable-sonar-ut,Yes
ati-cxs-Playermax-Transcoder,main,No
ati-cxs-S7000-PrimeConsole,Releases/7.4.8.12_CAU,Yes
ati-cxs-S7000-PrimeConsole,main,No
ati-cxs-SelfExclusion-App,Dev/MyPlayToNMT,Yes
ati-cxs-SelfExclusion-App,main,No
ati-cxs-SelfExclusion-Service,"""refs/heads/Releases/2.0.2""",Yes
ati-cxs-SelfExclusion-Service,main,No
ati-cxs-ex-FloorFocus-App,Dev/Modernize-EX-Mobile,Yes
ati-cxs-ex-FloorFocus-App,main,No
ati-cxs-ex-TaskService,Dev/25.0.0-RabbitMQ-SDK,No
ati-cxs-ex-TaskService,Releases/25.0.0,No
ati-cxs-ex-TaskService,main,Yes
ati-cxs-mobile-walletapp,Dev/26.0.0-markertrax,Yes
ati-cxs-mobile-walletapp,Dev/26.3.0-markertrax-ext,Yes
ati-cxs-mobile-walletapp,Dev/26.4.0-cardless-cashless,Yes
ati-cxs-mobile-walletapp,Releases/26.3.0,Yes
ati-cxs-mobile-walletapp,jaswant/26.4.0-cardless-cashless/sonar_issues,Yes
ati-cxs-mobile-walletapp,main,Yes
ati-cxs-mobility-Oasis360,Releases/25.0.0,Yes
ati-cxs-mobility-Oasis360,main,No
ati-cxs-mobility-mobileconnect-app,Dev/26.0.0-markertrax,Yes
ati-cxs-mobility-mobileconnect-app,Dev/26.4.0-cardless-cashless,Yes
ati-cxs-mobility-mobileconnect-app,Releases/26.3.0,Yes
ati-cxs-mobility-mobileconnect-app,main,Yes
ati-cxs-mobility-mobileconnect-table,Dev/26.4.0-cardless-cashless,Yes
ati-cxs-mobility-mobileconnect-table,Releases/26.3.0,Yes
ati-cxs-mobility-mobileconnect-table,main,Yes
ati-cxs-myplay,Releases/26.3.0,Yes
ati-cxs-myplay,main,No
ati-cxs-nCompass-OOBPluggableApps,lakesh-test-nCompassOOB,No
ati-cxs-nCompass-OOBPluggableApps,main,Yes
ati-cxs-nCompass-UI,*/Dev/15.6,Yes
ati-cxs-nCompass-UI,main,No
ati-cxs-nCompass-cpp,main,No
ati-cxs-nCompass-cpp,nCompass Dev 15.0.5,No
ati-cxs-nCompass-cpp,nCompass Dev 15.6,Yes
ati-cxs-nCompass-cpp,nCompass Dev 16.0,No
ati-cxs-nCompass-cpp,nCompass Release 15.0.12,Yes
ati-cxs-nCompass-cpp,nCompass Release 15.0.4,No
ati-cxs-nCompass-cpp,nCompass Release 15.0.5,No
gs-cau-myplay,main,Yes
