"Repository","BranchCount","DefaultBranch","Archived","Status"
"cxs-olk-content-virtual-drawincxs-winner-picked-content","1","main","","OK"
"cxs-olk-lib-aristocrat-google-gson","1","main","","OK"
"cxs-olk-lib-JavaLinux","6","main","","OK"
"cxs-olk-lib-mbox-libgdx","1","main","","OK"
"cxs-olk-lib-packages.mediaeditor","5","main","","OK"
"cxs-olk-lib-Random-Rewards","5","main","","OK"
"cxs-olk-product-concentrator","43","main","","OK"
"cxs-olk-product-ExtLevelRouter","4","main","","OK"
"cxs-olk-product-license-manager","16","main","","OK"
"cxs-olk-product-linux-image-builder","11","main","","OK"
"cxs-olk-product-mbox","15","main","","OK"
"cxs-olk-product-mediasign-html","6","main","","OK"
"cxs-olk-product-megamic","86","main","","OK"
"cxs-olk-product-nmenu","28","main","","OK"
"cxs-olk-product-onelink","106","main","","OK"
"cxs-olk-product-onelink-amadeus","6","main","","OK"
"cxs-olk-product-onelink-everi-consumer","10","main","","OK"
"cxs-olk-product-onelink-firmware","29","main","","OK"
"cxs-olk-product-onelink-g2s","6","main","","OK"
"cxs-olk-product-onelink-hyatt-envision","2","main","","OK"
"cxs-olk-product-onelink-infor","5","main","","OK"
"cxs-olk-product-onelink-mediarouter","9","main","","OK"
"cxs-olk-product-onelink-multicast-proxy","13","main","","OK"
"cxs-olk-product-onelink-nconnect","23","main","","OK"
"cxs-olk-product-onelink-phi-kiosk","4","main","","OK"
"cxs-olk-product-onelink-report-server","10","main","","OK"
"cxs-olk-product-onelink-rpm","3","main","","OK"
"cxs-olk-product-onelink-webevents","20","main","","OK"
"cxs-olk-product-PAL-264_OS","18","main","","OK"
"cxs-olk-product-pt206","3","main","","OK"
"cxs-olk-product-totalizer","18","main","","OK"
"cxs-olk-product-TotalizerInstaller","3","main","","OK"
"cxs-olk-product-virtualdrawings","15","main","","OK"
