"Repository","Branch","IsDefault","Protected","LastSha"
"cxs-olk-content-virtual-drawincxs-winner-picked-content","main","Yes","Yes","d201e22a03946e3c7f610c8190191f99dcf0ca54"
"cxs-olk-lib-aristocrat-google-gson","main","Yes","Yes","0187bc802a4829baf5510ec01047fb9f6dcc240f"
"cxs-olk-lib-JavaLinux","main","Yes","Yes","2301a22b48aab1f90e330cf20a4eca56912ddab2"
"cxs-olk-lib-JavaLinux","maintenance/5.4","","Yes","2f0d3962e8db2a8653c592ab08fe6e41cbad01da"
"cxs-olk-lib-JavaLinux","maintenance/low-latency","","Yes","855f9ded3a47322189a4342bf58be86400b6263a"
"cxs-olk-lib-JavaLinux","maintenance/refactoring-serial-(SRR)","","Yes","3e1f1e2092e818340a7931303af7f5026b62f48b"
"cxs-olk-lib-JavaLinux","tags/JavaLinux-1.0.0.24","","","b97ca42a0a17a552009ab969dd2d3200e4f428de"
"cxs-olk-lib-JavaLinux","tags/Release_javalinux-5.4.504","","","4e8ef9788a3f9cebe48b441d26f51002457c2f4f"
"cxs-olk-lib-mbox-libgdx","main","Yes","Yes","df729c73879ce049f56ab5f86da7368fd0c83cb4"
"cxs-olk-lib-packages.mediaeditor","dev/integration2.0_bak_angular10","","Yes","3ba9fc9fc9d130b0c1cfa64e0e0373302603afe3"
"cxs-olk-lib-packages.mediaeditor","hotfixes/hotfix_6.1.2","","Yes","806b2d5009ddcdaad0b5c6d5db2d6454c2f98987"
"cxs-olk-lib-packages.mediaeditor","kumarank/OLK-23714","","","939ead8c69aca541397f3f524cc9c96cdb195de9"
"cxs-olk-lib-packages.mediaeditor","lakesh/test","","","5fc8922fb3ba1a279e5d8ce735964c68ac7b4716"
"cxs-olk-lib-packages.mediaeditor","main","Yes","Yes","9e807fd65fc8c35a4547752ae90fb508d5d5ab89"
"cxs-olk-lib-Random-Rewards","main","Yes","Yes","4babcd03a59fb163a718dbb5eb2fc2d42180d920"
"cxs-olk-lib-Random-Rewards","tags/1.0.0.375","","","a2bd9cd3a95a7493c85b5bda6972f289a2506fe2"
"cxs-olk-lib-Random-Rewards","tags/1.0.0.387","","","c299c142d18efc009e2c1b7952a8b50415f4a2f6"
"cxs-olk-lib-Random-Rewards","tags/1.0.0.47","","","97d477287f7d7770bdc1545f07fd2d61e51cfb50"
"cxs-olk-lib-Random-Rewards","tags/Release_paltronics-random-1.0.0.375","","","d95294fdfcb4d9fa2a05761dc5de9e7dfb48c8c1"
"cxs-olk-product-concentrator","dev/integration","","Yes","7767c1c88ba89dfa58e0696252325059878fd205"
"cxs-olk-product-concentrator","dev/integration_15_4_1","","Yes","2ed936e9438033ff68c6e3e88f80eecced705fdb"
"cxs-olk-product-concentrator","dev/integration_old","","Yes","08733e41dc9b74e53cb7c7fd175e92d8eeb448be"
"cxs-olk-product-concentrator","jadams/OLK-23508","","","bf21b6b4cf9d14a28492243609bd3765d04e17e6"
"cxs-olk-product-concentrator","kumarank/concentrator-console","","","96e2be420c1b7c6d5ace06b500f7fde25633d401"
"cxs-olk-product-concentrator","lakesh/OLK-22306","","","19cbe02679ce154c7dfbf520a204181c0d9e2b63"
"cxs-olk-product-concentrator","main","Yes","Yes","7fc445d3157db9ecd55c9e68c93363a56a8e645e"
"cxs-olk-product-concentrator","maintenance/feature_5.5_g2e2015","","Yes","1758c6a88faabc42f648a50bc62085d36f0c6a8b"
"cxs-olk-product-concentrator","maintenance/hov","","Yes","97479b01c5016b1b51a992da0db3bf45c2808357"
"cxs-olk-product-concentrator","maintenance/ig","","Yes","f27d421f9095cf1e316c33e0fe1e818e006b4066"
"cxs-olk-product-concentrator","maintenance/nyl","","Yes","41b925ed378a8e0a53dd30a64dae09a2a972dc2b"
"cxs-olk-product-concentrator","maintenance/SecurityFix_OLK-6907","","Yes","c5da04b602c28439c55dafc54f134e85d8cae211"
"cxs-olk-product-concentrator","maintenance/Trac8060","","Yes","f0be022355c58c1cf8d2daf9c18b13fe016b2d37"
"cxs-olk-product-concentrator","maintenance/Trac8543","","Yes","c9122243754529c66dc4603995e8adeb9a54055d"
"cxs-olk-product-concentrator","merge/dev/integration","","","a11a86b3ac1811871af476ca0cbe2cc4371d713a"
"cxs-olk-product-concentrator","mohitc/OLK-20952","","","effe7dc142a32dc43ebebbba86fc327adc96f847"
"cxs-olk-product-concentrator","rajendra/OLK-22812","","","b1577673752917dd18390c5a56b3791db600d02a"
"cxs-olk-product-concentrator","tags/1.1.0.227","","","49afc0e012fc393495b5b8b2bc6d0e41b4d81d1a"
"cxs-olk-product-concentrator","tags/5.1.1","","","4b576d22d9003d1c453eb969974091b892b7cb77"
"cxs-olk-product-concentrator","tags/Concentrator_1.0.0.215","","","b989073d9de3ec63533814f5832682a11deaf43d"
"cxs-olk-product-concentrator","tags/Concentrator-19","","","9acd14a69844676a569d0209529121a0d90e4b10"
"cxs-olk-product-concentrator","tags/concentrator-dev-integration-26","","","5690fd6762216911d8648be644d23052ef1571c6"
"cxs-olk-product-concentrator","tags/MR5","","","8e99350f0edb3072a94728395145a474abc9618e"
"cxs-olk-product-concentrator","tags/MR6","","","f462723bad61db45b09116502e42a5d5cd7af7cf"
"cxs-olk-product-concentrator","tags/RC1","","","485099756867740693662c52bf1189a5b3445dfe"
"cxs-olk-product-concentrator","tags/RC2","","","947d677fff020f8d83ef4358b3ce53d388147074"
"cxs-olk-product-concentrator","tags/RC3","","","0223fcd90b807fd9e28b01e2f898d5c01391378f"
"cxs-olk-product-concentrator","tags/RC4","","","a3ce4c171e286748f207d1f2077edcd2393106f0"
"cxs-olk-product-concentrator","tags/Release_onelink-concentrator_1.2.0.241","","","deba4542c4e0101cff8404b3527df28339a7b4ee"
"cxs-olk-product-concentrator","tags/Release_onelink-concentrator_5.1.0.620","","","c596a408f983a1a15835c69af3998bd621806ff1"
"cxs-olk-product-concentrator","tags/Release_onelink-concentrator_5.1.0.621","","","6ab60acfc30576559fa0f78fc62f83e09979d42b"
"cxs-olk-product-concentrator","tags/Release_onelink-concentrator_5.1.0.636","","","fe9cbb6fd7a7445444222c9a4f7cbbf3b40380db"
"cxs-olk-product-concentrator","tags/Release_onelink-concentrator_5.1.1.639","","","b2ef787c0f94d331483d9130b785fce4e9d10c70"
"cxs-olk-product-concentrator","tags/Release_onelink-concentrator_5.1.1.649","","","97c282b60bc4b32c7e555d6f035a05853a99b3b7"
"cxs-olk-product-concentrator","tags/Release_onelink-concentrator_5.1.1.651","","","38d55397d8cba779c31d4312180d503897847229"
"cxs-olk-product-concentrator","tags/Release_onelink-concentrator_5.1.1.658","","","3ee61de558a5f5aead3afcbd001abffa96838395"
"cxs-olk-product-concentrator","tags/Release_onelink-concentrator_5.3.0.4","","","13e9ca41d6a696b0aad78926450a87c7cc0cadec"
"cxs-olk-product-concentrator","tags/Release_onelink-concentrator_5.4.59","","","7e2dd20be1394c7831dd131a1cd7c396952b7802"
"cxs-olk-product-concentrator","tags/Release_onelink-concentrator_5.6.3","","","6e0029dae1c17936f396db8edbc9cf216d0fab3a"
"cxs-olk-product-concentrator","tags/Release_onelink-concentrator_5.6.3.9","","","06125d176f21082c43d9a3b468f7a593e97794ea"
"cxs-olk-product-concentrator","tags/Sprint1","","","676918a530a483821ee5569302943f585113551b"
"cxs-olk-product-concentrator","test-concentrator","","","6d8bbcd1c9f1fedc6404ebd2d91d40541c3550b5"
"cxs-olk-product-concentrator","test-lakesh","","","42fa022d21502aa98bd4ebf79518b1305921d210"
"cxs-olk-product-ExtLevelRouter","dev/integration","","Yes","a1a0027eb7ba576ff2c3502422f00865585ade0b"
"cxs-olk-product-ExtLevelRouter","main","Yes","Yes","a8b7b34e359fc69124b04074ca4f7eda06471e1a"
"cxs-olk-product-ExtLevelRouter","ritik/sonar_analysis","","","4fa087a63ac2ea763f3d81c3cd633ffd9c1e10fc"
"cxs-olk-product-ExtLevelRouter","test/lakesh","","","a1a0027eb7ba576ff2c3502422f00865585ade0b"
"cxs-olk-product-license-manager","charglerode/OLK22422","","","eb692acebfa4e66319168db16859a70007055aef"
"cxs-olk-product-license-manager","charglerode/olk-22438","","","fe621bef6974be745307d2f7bcfb1a6a02115666"
"cxs-olk-product-license-manager","charglerode/olk22581","","","623ab183a89d92c57c10f405adb36b5314dda21f"
"cxs-olk-product-license-manager","charglerode/olk22917","","","53b9b3ed753ed6ea6c6fe622800d0cebbd5a7b7e"
"cxs-olk-product-license-manager","charglerode/olk-22917","","","54f01d32cbadd7d6c8185104a46e8f45183385aa"
"cxs-olk-product-license-manager","dev/integration","","Yes","9bc7a3171e9ca030c4f867a702b57393585d8167"
"cxs-olk-product-license-manager","kumarank/OLK-22438","","","f44fa4fa8c226a2cff7023e959cca9032743d0a4"
"cxs-olk-product-license-manager","kumarank/OLK-22951","","","c5c42398f4252e87b90129cc1251a506a8aa0387"
"cxs-olk-product-license-manager","lakesh/test","","","ef2dd63e0343881ec8c52b1f95cc39f64f686093"
"cxs-olk-product-license-manager","main","Yes","Yes","d700bc9811ff2502badd273183cbdc79186978ec"
"cxs-olk-product-license-manager","mtay/OLK-22779","","","170ff59bbbf8b9fee68a511158826495ce1eca39"
"cxs-olk-product-license-manager","mtay/OLK-22916","","","d965131374b062ce71803705e417826332da919f"
"cxs-olk-product-license-manager","mtay/OLK-22942","","","2e3ce83991c6def0c1efbaaeb9ef5b1e6071657c"
"cxs-olk-product-license-manager","mtay/OLK-22950","","","3ee5391ed2b393bc38a70340c747eacd26b5ede2"
"cxs-olk-product-license-manager","mtay/OLK-8580","","","f2cca28f0d3269988ae7ec42ecd79756254b9ab1"
"cxs-olk-product-license-manager","ritik/sonar_analysis_4","","","d4a0efecf2e663df37062e03db79cdba3c6ccda5"
"cxs-olk-product-linux-image-builder","jsando/modular","","","87c4209caada7a63a90b6eb0b47e31535c1d5e16"
"cxs-olk-product-linux-image-builder","jsando/modular-trixie","","","501ddcf0e84a3134b3f57fb65e2b7d356a7aa45f"
"cxs-olk-product-linux-image-builder","jsando/revised-trixie","","","277b475dbbc567f40f3db08f59be382a9d1d75af"
"cxs-olk-product-linux-image-builder","kumarank/38a8","","","a6d22cd36c03f23e39a55def03ea93840c8838a8"
"cxs-olk-product-linux-image-builder","kumarank/linux_image_builder","","","8fdd9dbb92600e61be55233298d276a3934aeff7"
"cxs-olk-product-linux-image-builder","lakesh/debian-trixie","","","818fc0142a13ffce69f8d4dfb7a481a8cefa6078"
"cxs-olk-product-linux-image-builder","lakesh/OLK-23188","","","f66d8766348675adb572000fe683940904757699"
"cxs-olk-product-linux-image-builder","lakesh/test","","","2918bab88d17169b0bffa40e7d83b04a212ad47b"
"cxs-olk-product-linux-image-builder","main","Yes","Yes","2918bab88d17169b0bffa40e7d83b04a212ad47b"
"cxs-olk-product-linux-image-builder","ritik/OL_Linux_IMG_Builder_Fix","","","b34bb1857389b2c43db015aa9bd0d373e9a6349c"
"cxs-olk-product-linux-image-builder","ritik/OLK-23356","","","e41c0b39d20bb458c35d0d65216963da326b5227"
"cxs-olk-product-mbox","dev/integration","","Yes","26467463eae507620f9cd012acfb64ba186ab62f"
"cxs-olk-product-mbox","main","Yes","Yes","ecb1bba4722b2e29fc96f671018eb19e495e5a40"
"cxs-olk-product-mbox","maintenance/feature_5.4_sando_wip","","Yes","2ca5c0f68438de716e07c8ebb58328dd2620bcb3"
"cxs-olk-product-mbox","maintenance/feature_5.5_components","","Yes","a1bdc7a1290e32dc56349fff162521eb9624af82"
"cxs-olk-product-mbox","tags/experimental_udpstreaming","","","afcddb5f430f610b076e202cc9275927b748dd2d"
"cxs-olk-product-mbox","tags/mbox_trunk-17","","","91b20e267b36a6756d299ab4c013f3b814896ccf"
"cxs-olk-product-mbox","tags/mbox_trunk-18","","","54f24ce63c54d8ab32c990ad17bcc1ebf7b2ff99"
"cxs-olk-product-mbox","tags/mbox_trunk-20","","","7b3bc64ae30afb869bfdb4ae86527dcc924f93ed"
"cxs-olk-product-mbox","tags/Release_mbox_5.8.0.10","","","ebd0f281480e6b2261580ec9b115b53f4ad7d124"
"cxs-olk-product-mbox","tags/Release_onelink-android-5.4.85","","","3e6e611375333e02e6fe0890790ef9a3cba182b0"
"cxs-olk-product-mbox","tags/Release_onelink-android-5.4.93","","","ac3b9229714a750c89f4137196ede1dbfdc2547a"
"cxs-olk-product-mbox","tags/Release_onelink-android-5.5.16","","","cfad87dfad4d91d17f5e5d378ebe796a99ecc798"
"cxs-olk-product-mbox","tags/Release_onelink-android-5.5.18","","","35c7e27f88d62e48160c0497dcc30da3f9ef858f"
"cxs-olk-product-mbox","tags/Release_onelink-android-5.6.2.4","","","b7e63589b901af9ef80f7145e77339a545743edb"
"cxs-olk-product-mbox","tags/Release_onelink-android-5.6.3.9","","","a3000a8e0b841ae9d126b67286b20621bccc4188"
"cxs-olk-product-mediasign-html","dev/integration","","Yes","b82a3a32978e796400d621209e62c1af8394fe6d"
"cxs-olk-product-mediasign-html","jadams/OLK-23508","","","b82a3a32978e796400d621209e62c1af8394fe6d"
"cxs-olk-product-mediasign-html","jsando/OLK-22539-odometer-digit-bugs","","","b86a1a4ad72cfba190d99c68517bb5d9cc3f74b6"
"cxs-olk-product-mediasign-html","lakesh/OLK-23022","","","22104d23c119e48bfdb223e0a65f5cdcc8f20c87"
"cxs-olk-product-mediasign-html","main","Yes","Yes","6ee6554dba4e1a194d33407e3eb9c978aad41fa6"
"cxs-olk-product-mediasign-html","sandbox-lakesh","","","2de911908aef82b5ae7ce290799c1b89a64298ca"
"cxs-olk-product-megamic","dev/integration","","Yes","5d6181e890f6a605b66b58eb8060b03438908983"
"cxs-olk-product-megamic","hotfixes/5.6.1-DenomQuery-HotFix","","Yes","96d1c4c34754ce650fb81883e4f7b158ecf5f049"
"cxs-olk-product-megamic","jadams/OLK-23508","","","5d6181e890f6a605b66b58eb8060b03438908983"
"cxs-olk-product-megamic","main","Yes","Yes","722835e6cfb10a8f8f7246453e52a0fc2221c104"
"cxs-olk-product-megamic","maintenance/5.0.3","","Yes","767db64450ee5c361f36b93c96f4e98b4942c039"
"cxs-olk-product-megamic","maintenance/5.1.0.sp1","","Yes","e81f3ab3a6093d41c562614638648234923d919b"
"cxs-olk-product-megamic","maintenance/5.1.1","","Yes","f56a5dbef5264c5d9b61cddfb55e201755338f3e"
"cxs-olk-product-megamic","maintenance/5.1.1.UK","","Yes","dbd6a1eb0134479b3371eebff71669c3238a665e"
"cxs-olk-product-megamic","maintenance/5.1.1-Inspired","","Yes","5e7778cff1bcade8b64c4b9531656fa119a202fd"
"cxs-olk-product-megamic","maintenance/5.1.2-UnitTests","","Yes","70c7813299868de72b9540251deae3de17506f76"
"cxs-olk-product-megamic","maintenance/5.1.3","","Yes","c002b227c81c6a6d6c40e57c7749ec6ad8f4b0e8"
"cxs-olk-product-megamic","maintenance/5.1-EFT","","Yes","7ef2f5e9a1735fe5256bb966b033fd5dd82ab795"
"cxs-olk-product-megamic","maintenance/5.2.1","","Yes","658c1d15144582af011dee413bac77847259254a"
"cxs-olk-product-megamic","maintenance/5.2.1.RC8-Konami","","Yes","f0ff6d00252cb86f9716ab0c8fe9142ed2be1380"
"cxs-olk-product-megamic","maintenance/5.2.1-aft","","Yes","92e43a7657f040054270a3c8e96c0198b136dc9b"
"cxs-olk-product-megamic","maintenance/5.2.1-Boyd","","Yes","baea9ec1fbefcf30cb6c8fc9ed3532f847cea5ce"
"cxs-olk-product-megamic","maintenance/5.2.1-pokerFrenzy","","Yes","9c0d4235a9378ec4040e922f57de38df88180999"
"cxs-olk-product-megamic","maintenance/5.3","","Yes","8bb94245394c055f69713d6de421eba2b4617f3e"
"cxs-olk-product-megamic","maintenance/5.3-aruze-saipan","","Yes","f6bbe5ff30e1d103e473d592afd1919b73dfb3f6"
"cxs-olk-product-megamic","maintenance/5.4","","Yes","21112551be6e170b648cd22b73d478678e1eb8d3"
"cxs-olk-product-megamic","maintenance/5.4-amigo","","Yes","ddc854e87eadc3f1dab60de12f042e88a05f1a7e"
"cxs-olk-product-megamic","maintenance/5.5","","Yes","94d59598ff54c98e6d086aa728aaac5fa1a1f96c"
"cxs-olk-product-megamic","maintenance/5.6","","Yes","d2e84f722c94d661cf8dc8154cc8e39acc499697"
"cxs-olk-product-megamic","maintenance/5.6.2.5_MR","","Yes","f1656f55e7d4ee260ce71e077dc6cdb412a26652"
"cxs-olk-product-megamic","maintenance/6.0","","Yes","938ea04c9d3b13382e1cbaf763fbc6cd62475d0c"
"cxs-olk-product-megamic","maintenance/asp","","Yes","77696c2b0af4f81a8d74fefdbcba6818dab7500e"
"cxs-olk-product-megamic","maintenance/asp_player_tracking","","Yes","8fca30a8c66508ec7b53472c6279bcc1b8a90eb5"
"cxs-olk-product-megamic","maintenance/ASP-JPID-FIX","","Yes","8fb8ac40bcc9005b1cae6771ff00dae326797238"
"cxs-olk-product-megamic","maintenance/cie-gdec","","Yes","d71f1e9c4e42b922331f12e88f2516f53d5579f0"
"cxs-olk-product-megamic","maintenance/cie-konami","","Yes","6858ea85d21805924c69522d8b316c0360038eeb"
"cxs-olk-product-megamic","maintenance/cie-zitro","","Yes","3ac61a30124fce4d758825a2e2044520820a63d7"
"cxs-olk-product-megamic","maintenance/dg-hack","","Yes","5227dee6c78d1baf5ec9d97e643ff2d3115c7640"
"cxs-olk-product-megamic","maintenance/discovery","","Yes","01119449e3a3b8badea22d2c916d7b449392e3e6"
"cxs-olk-product-megamic","maintenance/egt-timeout","","Yes","35706d569445fa66b863550d63b201b36869a798"
"cxs-olk-product-megamic","maintenance/GlobalDrawVB","","Yes","3d882137a3f921eb4ea8b48c26f7357175925351"
"cxs-olk-product-megamic","maintenance/ig","","Yes","c5027fe07107914ff1450d7e28c447142955c8fd"
"cxs-olk-product-megamic","maintenance/jartest","","Yes","e6a26722b96208651013fe698ea96d22a570d9c0"
"cxs-olk-product-megamic","maintenance/jartest2","","Yes","e902741385f80fb725e14ff568a0f8e61c6c3a66"
"cxs-olk-product-megamic","maintenance/low-latency(5.1.2)","","Yes","3d42b2acebd7e368a12ecf964c9a689525be729f"
"cxs-olk-product-megamic","maintenance/MegaMIC-Aristocrat","","Yes","0e0174adb04a6054f007a2b776fee8882bbc94a6"
"cxs-olk-product-megamic","maintenance/MTDFix","","Yes","2c79c609906417c44661143d89c8326ac63a67a3"
"cxs-olk-product-megamic","maintenance/poker-frenzy","","Yes","758151d8918dceb7fa8cc5b9d107d097c08262a9"
"cxs-olk-product-megamic","maintenance/RefactorSASCommandToString","","Yes","bf30d4c442936569d01f0d9cc9809a25725e12b5"
"cxs-olk-product-megamic","maintenance/Refactor-SAS-to-generalize-serial-(SRR)","","Yes","0faa2ac3fda21329da575bd7b5b3cc8ba55a63ec"
"cxs-olk-product-megamic","maintenance/SAS_passthrough","","Yes","dccd62805cea32c369f1deabed75aeb47b6ba463"
"cxs-olk-product-megamic","maintenance/SGSD-MaxBetTest","","Yes","fc5fb2cef82e2d5430726cb9cf3dd4c79bfe162d"
"cxs-olk-product-megamic","maintenance/SimulatorEnhancements","","Yes","468fa0ff0fc1cb368203e3b7bd14ef6e6201ad02"
"cxs-olk-product-megamic","maintenance/test-branch","","Yes","6ba8cf3051fb96dd7670609635db6793fe19e457"
"cxs-olk-product-megamic","maintenance/uk-alfa","","Yes","af93805742021bac725672ad2193798dce87ad29"
"cxs-olk-product-megamic","maintenance/wagerCategory","","Yes","d66af31bd9f8c6fb60ff29e840b7ef5ba4b5aa0c"
"cxs-olk-product-megamic","tags/1.1.0.732","","","a9e29f1d45c53bd7c9ebab2a08cb3c5f181e0409"
"cxs-olk-product-megamic","tags/5.0.2","","","f8d3e979508e52e511783d253976d388055b878a"
"cxs-olk-product-megamic","tags/5.1.0.1263-RC8","","","11b8ab716419a68e717e334536e58af1eee1172d"
"cxs-olk-product-megamic","tags/5.1.0.1270-sp1","","","fad0646c660adc9255479c43665e412302f9afe0"
"cxs-olk-product-megamic","tags/5.1.0.1275-sp2","","","3b11328a27955d1e24821719c67678f1c527542e"
"cxs-olk-product-megamic","tags/5.1.1","","","068e390d061679fa6133cc2c230261ebeaada8ce"
"cxs-olk-product-megamic","tags/5.1.1-Savan","","","2c227e027e4dd9fa5b50cc856d423de7ed472777"
"cxs-olk-product-megamic","tags/5.1.2","","","c5662ce54ad4946ca26a9cea83fb825546b67d29"
"cxs-olk-product-megamic","tags/5.1.3.25","","","79b6ec2b0a93c1efc95eb4788398e1e222708afe"
"cxs-olk-product-megamic","tags/5.1.3.8","","","2c90cfaa1141b37ad22bcc4a5dd0dbb574443e3f"
"cxs-olk-product-megamic","tags/5.2.1.1420","","","363c41870016e0d26e60337f1b5468721cadbba6"
"cxs-olk-product-megamic","tags/MegaMIC_1.0.0.680","","","fcadada9ba502f5a95a9202bccdbe5da3f7c6992"
"cxs-olk-product-megamic","tags/MR5","","","cb5d9c810fcde3cd016ab2f77108becbf252762a"
"cxs-olk-product-megamic","tags/MR6","","","6d111074234a13cbbe593371bac1e22818ae691c"
"cxs-olk-product-megamic","tags/RC1","","","a9f6a862d1081aecc6b734fc7783a11762e7dc58"
"cxs-olk-product-megamic","tags/RC2","","","aa40ed17c708bcc2535a6460f90a05460324d3a7"
"cxs-olk-product-megamic","tags/RC4","","","6453857807d0046dfd00ad53e699aac1e54f0fa8"
"cxs-olk-product-megamic","tags/Release_MegaMIC_5.1.1.1317","","","3172f998739266ed93d97689f889e2d51a8a178c"
"cxs-olk-product-megamic","tags/Release_MegaMIC_5.2.1.1420","","","f1608aa863cd6d03939b2d67f8140606210a736e"
"cxs-olk-product-megamic","tags/Release_MegaMIC_5.2.1.1437","","","42fdb8e37afb897846694fd3184e80ba5bc8a028"
"cxs-olk-product-megamic","tags/Release_MegaMIC_5.3.0.3","","","58047efef532f11bcc196edf6731b803e1d54737"
"cxs-olk-product-megamic","tags/Release_MegaMIC_5.4.140","","","9020b2ef4232f431af8230ef6e13657173a93ff0"
"cxs-olk-product-megamic","tags/Release_MegaMIC_5.5.38","","","595e8c290f5315a696db6b986f5a5881585dc909"
"cxs-olk-product-megamic","tags/Release_MegaMIC_5.6.2","","","694aaf606ae7623be712ab806ccc1c1ecaec39e3"
"cxs-olk-product-megamic","tags/Release_MegaMIC_5.6.2.5","","","368d33fc0da1771ce8efa4fae230b7e1349aa45c"
"cxs-olk-product-megamic","tags/Release_MegaMIC_5.7.0.9","","","6777aaa7ebb3dc5e7107be5ffcd92119d5f449eb"
"cxs-olk-product-megamic","tags/Release_MegaMIC-1.1.0.732","","","9d091286b63644c47380893395a502c2672aa16a"
"cxs-olk-product-megamic","tags/Release_MegaMIC-1.1.0.769","","","7cd53cc46a41c8ed8d4da72258d70f3566f2d04d"
"cxs-olk-product-megamic","tags/Release_MegaMIC-5.1.0.1263","","","84ca454ea44044e6fda0d62b6b3e98cfab2fb004"
"cxs-olk-product-megamic","tags/Release_MegaMIC-5.1.1.1291","","","2460d414e3d25c03a0d17b7706109bc28d8b280a"
"cxs-olk-product-megamic","tags/Release_MegaMIC-5.1.1.1307","","","63e068b1b3c81754bbb49a34ecae3f156f7c8d24"
"cxs-olk-product-megamic","tags/Release_MegaMIC-5.1.1.1314","","","87fb8b92f8c6de79274a1fcfd3dccbf0881bdc85"
"cxs-olk-product-megamic","tags/Release_MegaMIC-5.1.2.1361","","","462af4a5222d4a2013c278ceb1f645a547c9a456"
"cxs-olk-product-megamic","tags/Release_MegaMIC-5.1.2.1420","","","37bba4fc5f281e6eafbc981a77a74b65d3e2d442"
"cxs-olk-product-megamic","tags/Release_MegaMIC-5.1.2.1437","","","d3c31edb3b63cbdde83ce00cd9f9f59528f13aac"
"cxs-olk-product-megamic","tags/Release_MegaMIC-5.2.1.1439","","","6337d63a1504f5ff4f14a315f3e2a15b8ccc0664"
"cxs-olk-product-nmenu","23188/lakesh/ngdspecific","","","32dafcc57647b70af61b44d143a7ed7c265e45a0"
"cxs-olk-product-nmenu","bank/ngd/test/lakesh","","","33dc50b2f963193f1ec7e5fcab6826cdba769204"
"cxs-olk-product-nmenu","dayamaa/deb_upgrade","","","2b35d1318405ef53d72c9d4a189f718624a0b3ac"
"cxs-olk-product-nmenu","dev/integration","","Yes","619357c3f57c8ddbfb2569d742544a9200e61239"
"cxs-olk-product-nmenu","innob_buffer_fix/lakesh","","","e7046ae167f91de963b0e73f97f617b43e7646fc"
"cxs-olk-product-nmenu","kumarank/deb_upgrade","","","a8720dbe5bd3fc4c9d1e4262a95a862cbde954fe"
"cxs-olk-product-nmenu","lakesh/22717/mysqlfix","","","1f75256ac0449400f3ab9b9aa2090f3fb18e4868"
"cxs-olk-product-nmenu","lakesh/bug-fix-n_ssl","","","72daa9f16253f1f6c26a39fb0aa8048a5c900412"
"cxs-olk-product-nmenu","lakesh/Bug-fix-OLK-23133","","","e733912ea2ebf62f406b0eadbdd8e0ea5e96712c"
"cxs-olk-product-nmenu","lakesh/changes","","","d82b113997f93231df4f51840400c2a3893b971d"
"cxs-olk-product-nmenu","lakesh/ip_allocation","","","5329c0698a932ae49c02dc57f6412cc111a11fbf"
"cxs-olk-product-nmenu","lakesh/nmenu","","","11fadc12e64b8f123564300eaf3cfaa7091e9b28"
"cxs-olk-product-nmenu","lakesh/OLK-21494","","","40bc1615d83b0b1bb7d1f6c14f0da11736294674"
"cxs-olk-product-nmenu","lakesh/OLK-22989","","","79a8fd8e95acc2a2a8f8e713fefea6491a5a1e60"
"cxs-olk-product-nmenu","lakesh/OLK-23110","","","ef3a285e79fafcba9c75b4177bb445fea6bcb73a"
"cxs-olk-product-nmenu","lakesh/OLK-23131","","","e4dfb614a6ef4fbe62626c7a28d8d23166110f8c"
"cxs-olk-product-nmenu","lakesh/OLK-23979","","","5f1364c85d3ed8ce6c8d7a42b507dc66dd6d9038"
"cxs-olk-product-nmenu","main","Yes","Yes","c60a3db9df5be31a0dbaf28bd1162c561364368a"
"cxs-olk-product-nmenu","OLK-21567/lakesh","","","948b368eb40466d4233b3178365ba41e84f30aa7"
"cxs-olk-product-nmenu","OLK-22289/lakesh","","","ef9b4150462eb73f2587321492d726a897582845"
"cxs-olk-product-nmenu","OLK-22717/lakesh","","","b070351e2e7a85163a9ea244d5839884422935e2"
"cxs-olk-product-nmenu","OLK-23026/lakesh","","","51586cad05ff250f6750b61911164facc46b8db5"
"cxs-olk-product-nmenu","OLK-23281","","","60e489d2cc4b94fc16510d3e720ed87cc13bd9fd"
"cxs-olk-product-nmenu","replication/lakesh","","","4034f421eebe5fad2e92a52ccca3b956f5b51f8e"
"cxs-olk-product-nmenu","ritik/nmenu_test","","","c4093c501132b55edfd2a7e8f87130826c1bb844"
"cxs-olk-product-nmenu","Ritik/OLK-23188_deb_upgrade","","","7ed00e8c6e94c53c78afc84b140d9220eda6c404"
"cxs-olk-product-nmenu","test/Lakesh/23188/ngdBANK","","","419ae29d8b2f8351cce084b5a535d5c373bb5a7e"
"cxs-olk-product-nmenu","Vulnerability/fix","","","262eb2f0567f442ecf0aa3b926030b55a6819ec7"
"cxs-olk-product-onelink","adityakumar/odometerIssueDevTesting","","","922ce0e6654da1d7fd32ce147f54d31652020810"
"cxs-olk-product-onelink","dev/integration","","Yes","8046b90c396fc1c3bf85bf99beff20c0eb4bb0d6"
"cxs-olk-product-onelink","dev/integration_15_4_1","","Yes","5fd9ff120a70e96bb469518542f8c8f3fd2c4322"
"cxs-olk-product-onelink","dev/integration_15_5","","Yes","9221f8c9cb22c1c8f68344fd69aca7aff25ee0a7"
"cxs-olk-product-onelink","dev/integration_15_6","","Yes","6a678b4d17e1d0e1829979f53d1ee334b329bc12"
"cxs-olk-product-onelink","dipen/OLK-21946","","","8186ca6436baa2b9171424b94a2a514f58ab8a5b"
"cxs-olk-product-onelink","dipen/OLK-22010","","","ced36ed138f44b4cf577fb9c79c8924156639f6a"
"cxs-olk-product-onelink","dipen/OLK-22310","","","8483b0bda8339fea1d04c42ad491df45c80bc0db"
"cxs-olk-product-onelink","dipen/OLK-22318_v1","","","1bdfdc148e6fc43b1e2fc3623455bcf9214267ed"
"cxs-olk-product-onelink","dipen/OLK-22321","","","426d32c704a24d88b6a12164305d8b65bc5bbf28"
"cxs-olk-product-onelink","dipen/OLK-22352","","","e29ca3f353a5d16ffd3dd8c99b5ef38521778232"
"cxs-olk-product-onelink","dipen/OLK-22517_v1","","","812c84d4d965cd43e08720129e03e34e42ae2c32"
"cxs-olk-product-onelink","dipen/row_level_actions","","","18a643826b2ec74ba66d02ffdeaf53f2e4bd8ade"
"cxs-olk-product-onelink","hotfixes/15.4.0_HF","","Yes","9fae2075a3410eeb4a2daf1dc97babf71b858728"
"cxs-olk-product-onelink","hotfixes/6.0.2_HF","","Yes","de6ac7c16c1c51365f8971ff428bc6ac825af5ea"
"cxs-olk-product-onelink","jadams/OLK-23073","","","2be6c50eecddf03b5d85a19fcb5b05b342bdf8c4"
"cxs-olk-product-onelink","jadams/OLK-23509","","","07f38b1d2b72a22be405f1a3a58817627b0397bd"
"cxs-olk-product-onelink","kumarank/6_2_temp","","","7a2bea3654082d568566028411230180297a22d9"
"cxs-olk-product-onelink","kumarank/Alerts","","","7d49c92afb08b70e71103f1a174d452c67688603"
"cxs-olk-product-onelink","kumarank/API_Error_Handling","","","48cbe17a7b27af1568131344173d1a68bd07de9e"
"cxs-olk-product-onelink","kumarank/hhbp_MaxBet","","","9599e8ba16771b61db7103d7adab78f41a54696d"
"cxs-olk-product-onelink","kumarank/OLK-19477","","","7950c98656b2e34d00f9d05e46c7938a4a0cbb11"
"cxs-olk-product-onelink","kumarank/OLK-23073","","","e1d9a4341e496bd5620a1422a487407a75295144"
"cxs-olk-product-onelink","kumarank/OLK-23073_perf","","","a1547f97c3180f2183839d390df8fa2dafd170a7"
"cxs-olk-product-onelink","kumarank/OLK-23397","","","d712a36bdd22447dc3ca4db5a3b601e1377ab9e1"
"cxs-olk-product-onelink","kumarank/OLK-23722","","","0dfa9357b6847aed33e1f57d474f08eed69ec1e6"
"cxs-olk-product-onelink","kumarank/OLK-23722_2","","","cb2b8504b1d09772829555397c9d837c812cd383"
"cxs-olk-product-onelink","kumarank/OLK-23927","","","c8e1b9219d33c2c5bb48a7276814f9620d3c438e"
"cxs-olk-product-onelink","lakesh/OLK-22305","","","0919bf3c29223b4c1cbaa95b6502b1b94b052d86"
"cxs-olk-product-onelink","lakesh/test/21653","","","5b09fbc60b241210eae1403b616317329604459c"
"cxs-olk-product-onelink","lakesh/test/integration","","","cfb82b688b1231c50e13fc75e7e869cbee1fe1e3"
"cxs-olk-product-onelink","main","Yes","Yes","9364956a774901fbc72a51951acb2feb69bcb9b5"
"cxs-olk-product-onelink","maintenance/15_3_MR1","","Yes","ac9d6e1374a60f01f59b2497c1d53122a4c8ce3f"
"cxs-olk-product-onelink","maintenance/15_3_MR2","","Yes","61a52c8bd76fcb69bce78766a93d3bcf906687d0"
"cxs-olk-product-onelink","maintenance/5.10.1_MR","","Yes","f066756198cfe348506df643f2923124c4953633"
"cxs-olk-product-onelink","maintenance/5.10.2_MR","","Yes","2e3f34db5b54a85f48ec3049809994c137a49c1b"
"cxs-olk-product-onelink","maintenance/5_6_1_mr","","Yes","b007c5315a020a3c20c6bb9d611eced1ef0e0068"
"cxs-olk-product-onelink","maintenance/5_6_1_MR2","","Yes","c30d2d246692548ec4f7f56febd3c58798c9d698"
"cxs-olk-product-onelink","maintenance/5_6_1_MR3","","Yes","85aff3f3e249c3b9e967e2f4972d28d38f023488"
"cxs-olk-product-onelink","maintenance/5_6_3_MR","","Yes","fe98577d245676ebeb042531f70c8b1b909d178a"
"cxs-olk-product-onelink","maintenance/5_6_3_MR2","","Yes","78fc26db315d86ab34bbf4bc52e446be05acee10"
"cxs-olk-product-onelink","maintenance/5_8_1_MR","","Yes","27a89a0de9b831db26e998976abdf64dc8e69129"
"cxs-olk-product-onelink","maintenance/6_2_MR1","","Yes","1f6e627b70c6daf19998f70244ed1b00e3a89777"
"cxs-olk-product-onelink","mohitc/evaluate-hikaricp","","","6a20d67b7254f55bc3289e13f02af95cffd29b76"
"cxs-olk-product-onelink","mohitc/hikari-new","","","a074d9e0916f6a7026579bd910bdd3ccf4d23916"
"cxs-olk-product-onelink","mohitc/OLK-23073","","","01550b9231062997792206469c54d9ba8007f35b"
"cxs-olk-product-onelink","mtay/OLK-22396","","","e9b991e571b08bf1432b8960b2ca9648a8af0079"
"cxs-olk-product-onelink","mtay/OLK-22398","","","adf177555f8753c929632b680de657d3cd63b71a"
"cxs-olk-product-onelink","nagendra/backup_15_6","","","83d2506dee11f9dd4e991a2c3292f0d95e00e4fb"
"cxs-olk-product-onelink","nagendra/code-changes-2","","","849eec5abc1d4d0623dbd75e1932c8f69245327b"
"cxs-olk-product-onelink","nagendra/code-structure-changes","","","4040c679007a944ea3453a19806b57914738aa74"
"cxs-olk-product-onelink","nagendra/login-api-integration","","","cdf834d22ad5ae15acefa97029691f6549b92f16"
"cxs-olk-product-onelink","nagendra/OLK-22338","","","62d3f5230d66288a5c9fdf66f12c85b63edc32ad"
"cxs-olk-product-onelink","newmain","","","2255749dacb6d44c04cce96d9d5080a4913f3a6b"
"cxs-olk-product-onelink","rajendra/FI","","","9768f0a9110b77f32932be95fe077a6c5919cbb9"
"cxs-olk-product-onelink","rajendra/OLK-22047","","","34bd6d7ecbce71a6c47fe3bed283f7bd540cafa9"
"cxs-olk-product-onelink","rajendra/OLK-22048","","","8aa121b505fa6485232fc6f4a291b40e12de218f"
"cxs-olk-product-onelink","rajendra/OLK-23927","","","d036fd2c255e8b12e777dadc28da07b156f9931b"
"cxs-olk-product-onelink","release/15.4.0.238_debug","","","7b8b49f4955a163c099ad3fc8c52403624404b44"
"cxs-olk-product-onelink","revert-112-dev/integration","","","e03268017a13d9f7d2dacb304e8257dff67ab252"
"cxs-olk-product-onelink","ritik/OLK-22870_1","","","4e632bb33a147a74d8bddf3cb7ff42e63d61605f"
"cxs-olk-product-onelink","ritik/OLK-23927","","","e4404f0fc0d51d7e51092292d5774d7e98ff1a59"
"cxs-olk-product-onelink","ritik/OLK-23927_2","","","f760a1534c654515e8409b8a86d435b96cfba36c"
"cxs-olk-product-onelink","surendra/OLK-22611","","","7ed050efd53c43e43d20131e876a803b80cecb1f"
"cxs-olk-product-onelink","tags/Archive","","","e586e2b36d8cf250c67039024af994f5bcd0d53d"
"cxs-olk-product-onelink","tags/ONE_LINK_trunk-166","","","2080d0ec5d211c5fd8190871aea868523a4c2692"
"cxs-olk-product-onelink","tags/ONE_LINK_trunk-187","","","f96631d67ffd912549b1ed53d5b7d52278b41bfa"
"cxs-olk-product-onelink","tags/ONE_LINK_trunk-191","","","4a25bc163204f49d23684abd037a0e5689bd0d74"
"cxs-olk-product-onelink","tags/onelink-dev-integration-1346","","","7e621942083a91a9c90354e14af1766efb91c242"
"cxs-olk-product-onelink","tags/Release_onelink_15.1.0.166","","","a1fe1ccd7a62a93ad013247567d710182f8ab023"
"cxs-olk-product-onelink","tags/Release_onelink_15.2.0.187","","","3e0938c13de5ccefcf6852c20995f3ba3cc47b8e"
"cxs-olk-product-onelink","tags/Release_onelink_15.3.0.202","","","8838f522470f82a3c21d626c3b7fdba7b232dc9f"
"cxs-olk-product-onelink","tags/Release_Onelink_5.10.0.96","","","f09a20ff6d03d4ddaca86cb1d5f4e91be3af3041"
"cxs-olk-product-onelink","tags/Release_onelink_5.11.0.121","","","600a32a1d5cf631a56d3afbd362aae79f573ba8e"
"cxs-olk-product-onelink","tags/Release_onelink_5.12.0.131","","","50647d939d14051889ca0879f3632c0169840fcf"
"cxs-olk-product-onelink","tags/Release_onelink_5.3.0.547","","","1d52ca09f289c2076412008259a76d8358d16db8"
"cxs-olk-product-onelink","tags/Release_onelink_5.3.0.549","","","3fc43377dda6df7825378f73abb0030402b24536"
"cxs-olk-product-onelink","tags/Release_onelink_5.3.0.551","","","282bd734e381f5564ef00641552e52ddbca1af72"
"cxs-olk-product-onelink","tags/Release_onelink_5.3.0.551_macau","","","296ef745e4df53516aabf96a9bff53b77a81c43c"
"cxs-olk-product-onelink","tags/Release_onelink_5.4.1.1517","","","6c68c27485191d521b594250b9324b17aa3e510b"
"cxs-olk-product-onelink","tags/Release_onelink_5.4.2.1585","","","4bca493699249ef807d351f0c551888a5aeeda2e"
"cxs-olk-product-onelink","tags/Release_onelink_5.4.2.1613","","","d829ce9cebd742f69028139fe0e4b22084d5411c"
"cxs-olk-product-onelink","tags/Release_onelink_5.4.2.26","","","86a699f27de585152c572d4fd65b9ec19b49532a"
"cxs-olk-product-onelink","tags/Release_onelink_5.4.3.1619","","","c46781422405668794d34b4aad629d77c23b5b1f"
"cxs-olk-product-onelink","tags/Release_onelink_5.4.4.1659","","","e54c5a4e9545b58a9b63ba24f9393a4f6d4c387c"
"cxs-olk-product-onelink","tags/Release_onelink_5.4.5.1666","","","da8a65824038c8f2f1d5400aa165ee279d9cd2b0"
"cxs-olk-product-onelink","tags/Release_onelink_5.4.6.1712","","","c5a78311a9b9a51213c88c14b9c33c5311590d91"
"cxs-olk-product-onelink","tags/Release_onelink_5.5.0.313","","","a1a80b775ed77664ced1b9e6b2214042bc0244da"
"cxs-olk-product-onelink","tags/Release_onelink_5.5.4.336","","","d02822d89806c4a7b9079a58b2117ac0c293ce1b"
"cxs-olk-product-onelink","tags/Release_onelink_5.6.1.386","","","0db66ac6adc90b2517ec8e4486d6ac9421eae5bd"
"cxs-olk-product-onelink","tags/Release_onelink_5.6.2.8","","","680289dd7562639030c3f4f64f30275d914f8e85"
"cxs-olk-product-onelink","tags/Release_onelink_5.6.3.30","","","99f16c0ec65652056206f0feb5b6c7f89678abf5"
"cxs-olk-product-onelink","tags/Release_onelink_5.6.3.32","","","df3b0e79b66db86a3a9abbb5a38e5eed77e517b3"
"cxs-olk-product-onelink","tags/Release_onelink_5.6.3.33","","","b7edcdaaf237d3d69dbc55bd74b71f358693066c"
"cxs-olk-product-onelink","tags/Release_onelink_5.6.4.13","","","f1916a795c6de7340e49ac72b7061e84931c4326"
"cxs-olk-product-onelink","tags/Release_onelink_5.7.0.36","","","1fe5b69bcac5ec17e4bd294b554a61558c1f8292"
"cxs-olk-product-onelink","tags/Release_onelink_5.8.0.71","","","35b14fc153fea7d5a840fd5a3f4c923a24c7542a"
"cxs-olk-product-onelink","tags/Release_onelink_5.9.0.81","","","f0c67185534900fe2fd2fe16624bb3b8d76c817c"
"cxs-olk-product-onelink","tags/Release_onelink_6.0.0.94","","","780c50099d01b08f27e8ef6107c81c7b3d62f036"
"cxs-olk-product-onelink","tags/Release_onelink_6.0.1.95","","","b0a099f77543ccde56d0dd2a4167243fd8765c6b"
"cxs-olk-product-onelink","tags/Release_onelink_6.1.1.117","","","cb9b30aa354a76ef926b773ea05f40a32906d6b1"
"cxs-olk-product-onelink","tags/Release_onelink_6.1.2.122","","","4fa9abd2838577013e2c55b151d02467d59046ea"
"cxs-olk-product-onelink","tags/Release_onelink_6.2.2.143","","","bf84ee3d0c2ec4e0d4880f76fb9b1fc624964f1f"
"cxs-olk-product-onelink","test-adayama","","","cae2e77e53b4f6861f2228eb2f91409179c6ef5c"
"cxs-olk-product-onelink","test-adayama-patch","","","2db3ba597340f3ef581b39976a4e88d9e16931f0"
"cxs-olk-product-onelink","test-onelink1","","","4a1672ae2382adf6b0f1ef5b77e216cd328645c4"
"cxs-olk-product-onelink-amadeus","dev/integration","","Yes","13d160aaffaa38b7202f4e400e86ce51ab9b5b0b"
"cxs-olk-product-onelink-amadeus","dev/integration_15_6","","Yes","08178f00baca7edf427bdf0bfcac2fa6b85594ee"
"cxs-olk-product-onelink-amadeus","jadams/OLK-20949","","","60f866cd2ed0d58e9a98c01d139c75cad0bce375"
"cxs-olk-product-onelink-amadeus","jadams/OLK-23888","","","2428f546268eaa4401554a7253e8def409ce433b"
"cxs-olk-product-onelink-amadeus","main","Yes","Yes","96b37cdceaf712548f72fc63e4f78e55d8102442"
"cxs-olk-product-onelink-amadeus","tags/onelink-amadeus-8","","","7773000fd9eb57a1af50ff7463f66d534a491b56"
"cxs-olk-product-onelink-everi-consumer","adityakumar/OLK-23981","","","cf57bbb38be8de38670271c9d776fd3fad96b147"
"cxs-olk-product-onelink-everi-consumer","adityakumar/test_main","","","e52ed78861d2b4fa2d6c94f0750239a73b506e3f"
"cxs-olk-product-onelink-everi-consumer","amit-test","","","ad580f236de4f2513cf95ebe29253ac7295a9fa7"
"cxs-olk-product-onelink-everi-consumer","dev/integration","","Yes","4d5caf63ccf49fc764f66b84953b79fc9248ec20"
"cxs-olk-product-onelink-everi-consumer","jadams/OLK-17647","","","482f481920bae6c51ff4f23680692f1d162f4db4"
"cxs-olk-product-onelink-everi-consumer","jadams/OLK-23352","","","9b6642b0844af53e712dc2885c9d1d1accbb772b"
"cxs-olk-product-onelink-everi-consumer","lakesh","","","8e0e92e0a701aa597d55b8360e6c06e62d879a05"
"cxs-olk-product-onelink-everi-consumer","lakesh-test-new","","","8952f24cfca9045385c9a17dd9cc3ee4d1319026"
"cxs-olk-product-onelink-everi-consumer","main","Yes","Yes","2fd8af9f871c3f8b7bbd7757270eba156a77ddbe"
"cxs-olk-product-onelink-everi-consumer","rajendra/OLK-22818","","","ad6a075f846f2301da74d855c7a70056df0f4d73"
"cxs-olk-product-onelink-firmware","codex/fix-latest-debian-configuration-to-match-previous","","","c5d066faa1712f64d237f96467266e0c27f66a27"
"cxs-olk-product-onelink-firmware","dev/integration","","Yes","9d6437ea366626e2dfd6b8daa3bce0eba55db3f8"
"cxs-olk-product-onelink-firmware","dev/integration_15_4_1","","Yes","e8f4e7fc083f12ecf49bdf7ff9f5d795d6ef7731"
"cxs-olk-product-onelink-firmware","dev/integration-cleanup","","Yes","88a5a762413c27cd7c503b24ba83b66abacc5a9a"
"cxs-olk-product-onelink-firmware","fix/from-old-state","","","1d478e7dbec1ccf79c401b160f7cb23d621da876"
"cxs-olk-product-onelink-firmware","hotfixes/15.4.0_HF","","Yes","6a31913c097469417c19b06f2b1cbfe9415cd0bb"
"cxs-olk-product-onelink-firmware","hotfixes/6_2_proxy_hotfix","","Yes","e862aeb6c3fa79ebbb4c14f68c4d4c37c0d8afdf"
"cxs-olk-product-onelink-firmware","jsando/networkd","","","b3ff91fa645123e3e46edb448981f3e44a2fcb21"
"cxs-olk-product-onelink-firmware","kumarank/fw_4350","","","d7a2a6c661fd457c35081d452b25a0ce13f64350"
"cxs-olk-product-onelink-firmware","kumarank/fw_9f88","","","3b9e340fd435b8940f1763e68ca8aa462c5f9f88"
"cxs-olk-product-onelink-firmware","kumarank/OLK-23188","","","3c5b2c55899853d8b32b4b5dc6dbd8e8af5ef2f6"
"cxs-olk-product-onelink-firmware","kumarank/OLK-23188_2","","","b0077ec37ce36dc42278e27e91ba6f234ee1b956"
"cxs-olk-product-onelink-firmware","kumarank/OLK-23188_4","","","a0839d1ad22cd66c6b0e63b1548df1740265c041"
"cxs-olk-product-onelink-firmware","lakesh/OLK-21136/latest","","","28b28e29a54bb87e5f9d8cdc97dc8e92819eee38"
"cxs-olk-product-onelink-firmware","main","Yes","Yes","67820daa71d333a87cb57945b83c7ec162086a36"
"cxs-olk-product-onelink-firmware","maintenance/15.3.2","","Yes","f996706a165d714311b137df9a377755b010f0c2"
"cxs-olk-product-onelink-firmware","maintenance/15_3_MR1","","Yes","3770df4d1da2b9006f83561711dc6b51658202ce"
"cxs-olk-product-onelink-firmware","maintenance/15_4_1_MR1","","Yes","9af083cad3376a0739e76b82daf8b59075410be6"
"cxs-olk-product-onelink-firmware","maintenance/6_2_MR1","","Yes","99fde8bff1a4336de2daf57f75753c56b71344a1"
"cxs-olk-product-onelink-firmware","mtay/OLK-19564","","","9fc51b1824a7858946b98f3b14f8041e06c87040"
"cxs-olk-product-onelink-firmware","nmenu/fix/NGD","","","fb7da8b9e070f291c58550fab369a204c8511bc5"
"cxs-olk-product-onelink-firmware","Ritik/OL_FW_FIX","","","0e6b723342ea5ca48b210f753d5837d723ea807c"
"cxs-olk-product-onelink-firmware","Ritik/OLK-23188_deb_upgrade","","","88a5a762413c27cd7c503b24ba83b66abacc5a9a"
"cxs-olk-product-onelink-firmware","ritik/OLK-23356","","","c54eff22606c7753239566c14ceb782dde235030"
"cxs-olk-product-onelink-firmware","tes/dev","","","bedb3181d2bfbf5dfeb6761f573f70d9184d38ca"
"cxs-olk-product-onelink-firmware","test/hotfix","","","53cf760b0998c15c7460568135c2731e514c93ee"
"cxs-olk-product-onelink-firmware","test/main","","","337e19997b4daca7322f646d9139877280443afb"
"cxs-olk-product-onelink-firmware","Test_ISO_Issue","","","cf32852e25aaf42f82a39b87301bef3959b39315"
"cxs-olk-product-onelink-firmware","Vuln/new/bank","","","0981244854b3fbb06d0f879401a8bdfa90c66a52"
"cxs-olk-product-onelink-g2s","dev/integration","","Yes","c3aea6892d582dbfb8aac2c7be1fd28063ecaa4b"
"cxs-olk-product-onelink-g2s","main","Yes","Yes","13f5f10c08d971296f555c2e1a64153d895ed605"
"cxs-olk-product-onelink-g2s","mohitc/onelink-g2s-test","","","c3aea6892d582dbfb8aac2c7be1fd28063ecaa4b"
"cxs-olk-product-onelink-g2s","tags/onelink-g2s-12","","","096d6d6602c734b5cef5468bbea2dc7e3a8c66b9"
"cxs-olk-product-onelink-g2s","tags/onelink-g2s-17","","","23315a0a16633a015f2c72c83fa1c3dcd42f4564"
"cxs-olk-product-onelink-g2s","tags/Release_onelink-g2s_1.0.0.9","","","7b3a1ce5793f92ac6a570f21c79b04beb0acf497"
"cxs-olk-product-onelink-hyatt-envision","dev/integration","","Yes","adb3f6c384e64540683b93cbf979a78035ea9a27"
"cxs-olk-product-onelink-hyatt-envision","main","Yes","Yes","2050895f40fae48419b98d57d791d0dd72f4b2c5"
"cxs-olk-product-onelink-infor","dev/integration","","Yes","81f44f0b32177a5129d5e15b59f972cbafb9975a"
"cxs-olk-product-onelink-infor","dev/integration_15_4_1","","Yes","35eb4efb683e6100691b284275fff46c6735a3a8"
"cxs-olk-product-onelink-infor","lakesh/OLK-22807","","","1c621a514aac7c7f8044e66ad19ff3664786b397"
"cxs-olk-product-onelink-infor","main","Yes","Yes","985625b30129cbfba3cf767f4f118032a9c22d53"
"cxs-olk-product-onelink-infor","namit/test","","","b131ac27891756cd38cf6ea2e2dd145367ddeebb"
"cxs-olk-product-onelink-mediarouter","dev/integration","","Yes","5d964e61735fecc83fd7f7f43cfc779da1f20563"
"cxs-olk-product-onelink-mediarouter","dev/integration_15_4_1","","Yes","9520b1bbd9142fa1953d4f5fb953efdddca27e4b"
"cxs-olk-product-onelink-mediarouter","lakesh/OLK-22309","","","6d15f23993ca011335193bf21854ae35b41efaf3"
"cxs-olk-product-onelink-mediarouter","main","Yes","Yes","3ce7e08ee84e500add29d1567878327f5b8fe1d4"
"cxs-olk-product-onelink-mediarouter","tags/onelink-mediarouter_5.4.20","","","3b683a497444fffc75ad12c4ea9a1f9ab0725883"
"cxs-olk-product-onelink-mediarouter","tags/onelink-mediarouter_5.5.3.9","","","90d739311b585502f66b136fa0ecbfa3bd266736"
"cxs-olk-product-onelink-mediarouter","tags/onelink-mediarouter-11","","","b981be333c491a45f6115ac4228c0a4e76482c0f"
"cxs-olk-product-onelink-mediarouter","tags/onelink-mediarouter-15","","","d3c4761304b3ee2a3d3b09aaa92d5da841d19b65"
"cxs-olk-product-onelink-mediarouter","tags/onelink-mediarouter-integration-25","","","5116e1b087f43431a196e6d779f3eb3d303a7d23"
"cxs-olk-product-onelink-multicast-proxy","dev/integration","","Yes","c6a9df9f1ce81374cce939b22ab2592305b762db"
"cxs-olk-product-onelink-multicast-proxy","dev/integration_15_4_1","","Yes","738fb7ec767dee11e882ecfbce2efec13e13e026"
"cxs-olk-product-onelink-multicast-proxy","dev/integration_old","","Yes","310403c7ba0c1183d051829df6b5f3856f91eff8"
"cxs-olk-product-onelink-multicast-proxy","lakesh/OLK-22308","","","e9ee49d8ca8d4e6b3af444e96a6a883df1d4cea4"
"cxs-olk-product-onelink-multicast-proxy","main","Yes","Yes","408c3096f918c36b1f48317c8bd44764463b7f6e"
"cxs-olk-product-onelink-multicast-proxy","mtay/OLK-22420","","","7dcbed89ff170177975a194a48f9bd88a3790250"
"cxs-olk-product-onelink-multicast-proxy","tags/Multicast-Proxy-4","","","24d80a544f8d99107a4a434881787362f244e488"
"cxs-olk-product-onelink-multicast-proxy","tags/Multicast-Proxy-8","","","8a188ced478084f4451e55840f7a9f233f24f0d7"
"cxs-olk-product-onelink-multicast-proxy","tags/Multicast-Proxy-Integration-5","","","3774a86d40897ab08bb80b2e3ee70895d1ca5991"
"cxs-olk-product-onelink-multicast-proxy","tags/Release_onelink-multicast-proxy_5.1.0.4","","","cb55e191627a6e95d40ea38334fd90ae22a11c59"
"cxs-olk-product-onelink-multicast-proxy","tags/Release_onelink-multicast-proxy_5.4.0.8","","","b1f66cd869ff9a88106429d923a72c8ba3000f49"
"cxs-olk-product-onelink-multicast-proxy","tags/Release_onelink-multicast-proxy_5.6.3.2","","","67454f37059946157337ad775c190ebcbcad3e35"
"cxs-olk-product-onelink-multicast-proxy","test-onelink-multicast-proxy","","","f7ef3260e367807e9b24cfc7b452421751f947b8"
"cxs-olk-product-onelink-nconnect","codex/locate-noarch-and-all.deb-in-repo","","","9226861279f2b918f303d804c2bd4d774fd2726e"
"cxs-olk-product-onelink-nconnect","dev/integration","","Yes","cc224f2a803542ac84c4e61fce895b090ef6f39c"
"cxs-olk-product-onelink-nconnect","dev/integration_15_4_1","","Yes","24eefdadd67a69455f555b5aa108ea1c27749ca6"
"cxs-olk-product-onelink-nconnect","dev/integration_old","","Yes","3e6a5d6e0e03714b2df17eb1572e79ca42323847"
"cxs-olk-product-onelink-nconnect","jsando/OLK-22644-version-in-status-page","","","6aa7f55f0f65af3509c00d47370c3a31f1fde4a2"
"cxs-olk-product-onelink-nconnect","lakesh/OLK-22307","","","64424fcb1804b2a088cad1266bf307733576c395"
"cxs-olk-product-onelink-nconnect","main","Yes","Yes","31ece602f48ba784a37227cd98f9554fda777fe2"
"cxs-olk-product-onelink-nconnect","maintenance/5.6.1_MR","","Yes","aafa846aca68721efa1c98d955b0ff15ba0dff13"
"cxs-olk-product-onelink-nconnect","maintenance/feature_5.5_g2e2015","","Yes","c13bb225f3e2b1465684e3b052a8facb4fde835c"
"cxs-olk-product-onelink-nconnect","mtay/OLK-22814","","","a076450b3aa126edf650d48c94fea9da6b0aed6a"
"cxs-olk-product-onelink-nconnect","rajendra/OLK-23344","","","60e6c25b55cf76a7446dc74fce3334d1696e6dc8"
"cxs-olk-product-onelink-nconnect","recording-issue/lakesh","","","3684eb74fa4870e089eb5db7189e0373836ea03f"
"cxs-olk-product-onelink-nconnect","tags/onelink-nconnect-5.5.6.55","","","fe0186cd36ea077b3b3cc3b5b0923093e445a20e"
"cxs-olk-product-onelink-nconnect","tags/onelink-nconnect-5.6.1.4","","","b4e0f127b942298786b0d3d521d8d859547c99f5"
"cxs-olk-product-onelink-nconnect","tags/onelink-nconnect-integration-38","","","e6159cb4c36f6e144bfdea1f3d2a2e954c8d301b"
"cxs-olk-product-onelink-nconnect","tags/onelink-nconnect-trunk-13","","","606bf15fe75804125e733ce150a90732fb6828e8"
"cxs-olk-product-onelink-nconnect","tags/onelink-nconnect-trunk-17","","","52274171cc5f3ef8d51f9458ab3da394a5fe01ae"
"cxs-olk-product-onelink-nconnect","tags/onelink-nconnect-trunk-18","","","854096251cfc192adf72a13f3f0f5c7dc2a02965"
"cxs-olk-product-onelink-nconnect","tags/Release_onelink-nconnect_5.6.1.4","","","7af819150595cf36a795a3f823c0ac030bfb4844"
"cxs-olk-product-onelink-nconnect","tags/Release_onelink-nconnect_5.7.1.5","","","c408bfa84542f0bb8731b9540af2ddb606517826"
"cxs-olk-product-onelink-nconnect","tags/Release_onelink-nconnect_5.8.1.8","","","2637090e9a97b07b339d5b58716687d9992d8c0f"
"cxs-olk-product-onelink-nconnect","tags/Release_onelink-nconnect_6.0.0.12","","","9e488d6011ff9fe250c10911c5b062ff9a54c960"
"cxs-olk-product-onelink-nconnect","tags/temp_5.6","","","e3791c15ce04d790c8effc249e318bb827e14f5e"
"cxs-olk-product-onelink-phi-kiosk","dev/integration","","Yes","f0865fc4f821a121c6ff68d3aace568b2426deed"
"cxs-olk-product-onelink-phi-kiosk","main","Yes","Yes","cd82a76e05a532c1a56f9df8848d7281582f40c4"
"cxs-olk-product-onelink-phi-kiosk","maintenance/release_1_0_3","","Yes","fb4da6d896b881a0716555971688f9050785326d"
"cxs-olk-product-onelink-phi-kiosk","mohitc/OLK-23834","","","535c2fdd6908029923cd461e518cb66b6038b6ec"
"cxs-olk-product-onelink-report-server","adityakumar/OLK-23892","","","fc71f3f8e6a09cc60a6cda1f91d1bc0c801d1026"
"cxs-olk-product-onelink-report-server","dev/integration","","Yes","d7e8b095a2930ebfbe0c41262a64fc30cd001216"
"cxs-olk-product-onelink-report-server","dev/integration_15_4_1","","Yes","dc79fd7e48fc7e734893df0057b1f6af823400b7"
"cxs-olk-product-onelink-report-server","dev/integration_15_5","","Yes","bfa6f6f712bca52c35e612ad1844c569a9383fc4"
"cxs-olk-product-onelink-report-server","jadams/OLK-23508","","","d281dd8972e61f6db8ca1cefbd7b8c86f49c1675"
"cxs-olk-product-onelink-report-server","main","Yes","Yes","03c1cfa7b034c7e2f4cf2b5edf15200899c1faeb"
"cxs-olk-product-onelink-report-server","rajendra/OLK-23363","","","d408e71b565e7f22c05c50646aa21778f7efabb7"
"cxs-olk-product-onelink-report-server","rajendra/OLK-23770","","","e105e3f98764ce5cfcb3a920e8f64b28c78b822f"
"cxs-olk-product-onelink-report-server","ritik/OLK-23163","","","134e5badeaf23d124e8b09ae5ab9d12ed3082ca9"
"cxs-olk-product-onelink-report-server","testing/main","","","7e16fe625b4abed2a6ca19b8db34c0458be55b86"
"cxs-olk-product-onelink-rpm","dev/integration","","Yes","1fd0058e153c5726e785212f5b114e3e2a86a4b2"
"cxs-olk-product-onelink-rpm","main","Yes","Yes","0c2eaa11de5811297467caa685abd8a2d85150d4"
"cxs-olk-product-onelink-rpm","tags/onelink-rpm-12","","","c7993764f149a1018ad0e5e32773b5546055c524"
"cxs-olk-product-onelink-webevents","dev/integration","","Yes","a56d378182f45d3df824f7eaee329feb1d547760"
"cxs-olk-product-onelink-webevents","dev/integration_15_4_1","","Yes","124baf62c7f057b82c76ba00e5f3abbb4bbfd037"
"cxs-olk-product-onelink-webevents","main","Yes","Yes","9c65836c8eff0f89819d5da5d6eaa244ba747682"
"cxs-olk-product-onelink-webevents","maintenance/webevents-5.10.0_MR","","Yes","63077e4aa5be065f3044b48ac590a6c634fb867b"
"cxs-olk-product-onelink-webevents","ritik/OLK-22947","","","ecfe6d32e75ac482b866df16464da5df21e9d346"
"cxs-olk-product-onelink-webevents","tags/Galaxy-Macau-Hudson-32","","","23b89f51b4ccaba4bd2e3921887d2238594ad308"
"cxs-olk-product-onelink-webevents","tags/onelink-webevents-12","","","4db39f447dd1fc04510f293dd807178c7ccd1ea5"
"cxs-olk-product-onelink-webevents","tags/onelink-webevents-15","","","31871b217d9f7e36aa0297431925a421b9a8f82e"
"cxs-olk-product-onelink-webevents","tags/onelink-webevents-integration-18","","","39e6bb2fbc5d691f891113ff0188ac519bca2783"
"cxs-olk-product-onelink-webevents","tags/Release_onelink_webevents_5.4.30","","","cc0a597e00ba35bbc4a2ede5cbcc310e7c458a06"
"cxs-olk-product-onelink-webevents","tags/Release_onelink_webevents_5.5.6","","","9d07347f55d9d74c46f6e2292fc8ffe96e7cbe9e"
"cxs-olk-product-onelink-webevents","tags/Release_onelink-webevents_5.1.0.357","","","a6d1feba251b9e2a0953d64a9b64e0cee3b080d5"
"cxs-olk-product-onelink-webevents","tags/Release_onelink-webevents_5.1.0.39","","","d528850188b22824f70e20e7e5617274a5fa2adc"
"cxs-olk-product-onelink-webevents","tags/Release_onelink-webevents_5.2.1.369","","","7fda7d75f1a81c1192bfad5de7117dea7403540d"
"cxs-olk-product-onelink-webevents","tags/Release_onelink-webevents_5.4.11","","","1a5bbda08cdce59360769673e64d702157194603"
"cxs-olk-product-onelink-webevents","tags/Release_onelink-webevents_5.4.30","","","29f9d9b2fc3d6aec4500b2357c8e7e889c72e136"
"cxs-olk-product-onelink-webevents","tags/Release_onelink-webevents_5.5.7","","","b77c65ba0cad4c7b55d12181da998f0bb5e61137"
"cxs-olk-product-onelink-webevents","tags/Release_onelink-webevents_5.5.9","","","fcb5f2caef2a16e4ce22ec7a8bef8c6ec5c79b86"
"cxs-olk-product-onelink-webevents","tags/Release_onelink-webevents_5.7.0.2","","","00cb6a8355a8d067499971d5b80b07cd443b3116"
"cxs-olk-product-onelink-webevents","tags/Release_onelink-webevents_5.8.0.3","","","47ee12b98231c1b0b340d59623a1feea9921987c"
"cxs-olk-product-PAL-264_OS","dev/integration","","Yes","298ccb19d51f2159afe41ebb2c4684ddc32d0945"
"cxs-olk-product-PAL-264_OS","main","Yes","Yes","17015f692c1c124ec1ab50c0f97201dcaa65407f"
"cxs-olk-product-PAL-264_OS","maintenance/5.4","","Yes","af667d4fc7e8a9d63d265a635c91db6543cc9bc9"
"cxs-olk-product-PAL-264_OS","maintenance/download-root-fs","","Yes","31521c3616af2971e6748ddc9ce5b2b7450ce615"
"cxs-olk-product-PAL-264_OS","maintenance/linux2631","","Yes","0ab207d66c5637866089a41d76657ad168847e6a"
"cxs-olk-product-PAL-264_OS","maintenance/linux2631-glibc2.8-bbox115","","Yes","c6982937de146c85b2c5156daf7a8471b9640add"
"cxs-olk-product-PAL-264_OS","maintenance/pal-264_os-5.4-mikohn","","Yes","f10a5230d87c3598edd45f3756711a5f33029199"
"cxs-olk-product-PAL-264_OS","tags/1.0.2.14","","","f79005b006ee9ac381d500d5b644aeb07d054061"
"cxs-olk-product-PAL-264_OS","tags/5.0.1","","","67b30be630222830398ef90b2e99b863546810c1"
"cxs-olk-product-PAL-264_OS","tags/5.0.1.375","","","99b434adb816d0c8deb782b23ea80c10fb68ab16"
"cxs-olk-product-PAL-264_OS","tags/MegaMIC-OS-B4.JAVA.MOVE","","","d7baad44c8e2fcba082348098288a5e2ae61e80d"
"cxs-olk-product-PAL-264_OS","tags/PAL-264-OS-1.0.0.9","","","dfc9bc8c4fea08c7c1bf25bfaca184d6a9d7d2d4"
"cxs-olk-product-PAL-264_OS","tags/Release_pal264-os-1.0.3.16","","","1e22a5d5102b7dc7afe39b5f2a392d9291d0cf22"
"cxs-olk-product-PAL-264_OS","tags/Release_pal264-os-5.0.2.8","","","00a2ddf509355644e682cfec65da3a4eadd6bf64"
"cxs-olk-product-PAL-264_OS","tags/Release_pal264-os-5.0.4.13","","","df73133b15d42d6c3f8425419192ed484afe7209"
"cxs-olk-product-PAL-264_OS","tags/Release_pal264-os-5.1.0.368","","","f9cf5a3bb775ea3fe50971c4636bddf9dde380b7"
"cxs-olk-product-PAL-264_OS","tags/Release_pal264-os-5.1.0.371","","","872b7661f932acbf7df5ac11d93105c476551626"
"cxs-olk-product-PAL-264_OS","tags/Release_pal264-os-5.1.0.375","","","43b7b3a53bdf48ef0793d9c3a49272982c38ad66"
"cxs-olk-product-pt206","dev/integration","","Yes","4c51fc6d28ab4277fb37b62742319fd667b3d447"
"cxs-olk-product-pt206","main","Yes","Yes","53821bd77fcaacd6536def6b9b24768faf4c7950"
"cxs-olk-product-pt206","tags/Release_pt206_2.1.0.2","","","096c1fa682c19338f41a5d5af6a34b00e8f6c36c"
"cxs-olk-product-totalizer","dev/integration","","Yes","36867bd4e98f1ce9b9e19ad3eba4def658316a5f"
"cxs-olk-product-totalizer","dev/integration_15_5","","Yes","acbc07235f91e9ae9f3ecee039a15c9068036fc3"
"cxs-olk-product-totalizer","jadams/OLK-23890","","","6000ef884ffbadb571a47d04b950ab8498e93a59"
"cxs-olk-product-totalizer","jadams/OLK-23910","","","7742a6fe0774e561d487d40251356221abf35edc"
"cxs-olk-product-totalizer","jsando/java21","","","4bd89d9951bcbdc4468fa8f9f808f08e8f1f3de2"
"cxs-olk-product-totalizer","kumarank/OLK-23713_2","","","36ea2aba7ebfdd1926bee26ffad10809f0d35963"
"cxs-olk-product-totalizer","kumarank/OLK-23713_3","","","3f8058bbc03503c59ae25984226781976b8e73f9"
"cxs-olk-product-totalizer","kumarank/OLK-23986","","","42c37b40c4948c989ce69039500c9211071d455a"
"cxs-olk-product-totalizer","lakesh/olk-23505","","","3a14bdb89f85ecfab1cf5e648079a2ddfcd8be96"
"cxs-olk-product-totalizer","main","Yes","Yes","191b0e3b0edfbda885f6d50bf484365451f5cc35"
"cxs-olk-product-totalizer","maintenance/trunkOLD","","Yes","7919925319fe6bfbe1c9ef43cfbdade646d63e1d"
"cxs-olk-product-totalizer","mergin/dev/integration15_5","","","6e5ccb0799f371063a06bcfd281d6d665768e859"
"cxs-olk-product-totalizer","rajendra/OLK-23944","","","e85cee6606fabb63aa5767cf5d028393d6e63e5a"
"cxs-olk-product-totalizer","ritik/grafana_prometheus_fix","","","0f5b74f6594480a6f8104ec954c3fffa8a927951"
"cxs-olk-product-totalizer","tags/Release_totalizer_1.0.0-32","","","711ffb626755e5531cc30164f3fec909a7309b06"
"cxs-olk-product-totalizer","tags/totalizer_trunk-19","","","7b604222f0cffb4f29bc034960edc9e1269469fc"
"cxs-olk-product-totalizer","tags/totalizer_trunk-39","","","35076650df050713df7750696ddbd0f7116895a6"
"cxs-olk-product-totalizer","test/dev/integration","","","6e5ccb0799f371063a06bcfd281d6d665768e859"
"cxs-olk-product-TotalizerInstaller","dev/integration","","Yes","4fd78b2ec09cb671a4e50d64a711b75d910730d5"
"cxs-olk-product-TotalizerInstaller","main","Yes","Yes","4fd78b2ec09cb671a4e50d64a711b75d910730d5"
"cxs-olk-product-TotalizerInstaller","N104757/Totalizerinstaller","","","10eb91375ee93827e039d7865815417e2d18c267"
"cxs-olk-product-virtualdrawings","dev/integration","","Yes","1759aa20214fe2a2c161049c7e9f748f712ec13c"
"cxs-olk-product-virtualdrawings","dev/integration_15_5","","Yes","95c357cfac1aa709412852fec16c735fb0934fc5"
"cxs-olk-product-virtualdrawings","hotfixes/hotfix_OLK-5618","","Yes","051537fbe96356ee1211881f69f6037df3e79545"
"cxs-olk-product-virtualdrawings","hotfixes/hotfix_OLK-5618_master","","Yes","72b74b451a221b64511741bf579ea0e0faa41037"
"cxs-olk-product-virtualdrawings","hotfixes/hotfix_OLK-5914","","Yes","bcd81eea18eb73cfeba299182d7e0cc963a5ddcb"
"cxs-olk-product-virtualdrawings","kumarank/OLK-17841","","","4f5fdef4baebc26acabc059a624d07d55f837e9c"
"cxs-olk-product-virtualdrawings","kumarank/OLK-17841_2","","","abdcd0ef06d195453649b0f4f1f4ab1a042d16ed"
"cxs-olk-product-virtualdrawings","kumarank/OLK-17841_3","","","db2126578c8e7181cc993b2ae5a4c32784da1a72"
"cxs-olk-product-virtualdrawings","kumarank/OLK-23638","","","209f8b6c59e35e059e048be5ab839a21f7a71963"
"cxs-olk-product-virtualdrawings","lakesh/rpm-test-2","","","6c66fe74cb4d59ec559bc0b9c3842e97e74b86e4"
"cxs-olk-product-virtualdrawings","main","Yes","Yes","ea921822654f24c38119eb48c7fd9e9f8a4b6398"
"cxs-olk-product-virtualdrawings","mohitc/test-vd","","","671594eaf05fe45aebb7c8e38ecf8dddd833b1f6"
"cxs-olk-product-virtualdrawings","rhel-rpm-new-lakesh","","","81a48209615a740fc0d9a28640a7e50389b5f45e"
"cxs-olk-product-virtualdrawings","ritik/OLK-23616","","","b50cd5459ec7d8f92ab280b0a474b96ff75a74b4"
"cxs-olk-product-virtualdrawings","sandbox/lakesh","","","5a1c7a32df46f80684bdd9a610ba48ce19cd040d"
