Project_Name,Studio,Include,Confidence,Source
MMMP_APAC,Oasis,Yes,high,ODS:MMMP_APAC
ati-cxs-AppContent-Service,Unassigned,Yes,low,ODS:AppContent
ati-cxs-ApplessSE-CasinoService,Unassigned,Yes,low,ODS:ApplessSE
ati-cxs-ApplessSE-MobileAPI,Unassigned,Yes,low,ODS:ApplessSE
ati-cxs-ApplessSE-WebApp,Unassigned,Yes,low,ODS:ApplessSE
ati-cxs-CoreFramework-Framework2.0,Unassigned,Yes,low,ODS:NotApplicable
ati-cxs-Dynamic-Listener-Service,Oasis,Yes,high,ODS:Dynamic
ati-cxs-Dynamic-Messaging-Service,Oasis,Yes,high,ODS:Dynamic
ati-cxs-Floor-Service,Oasis,Yes,high,ODS:Floor
ati-cxs-FloorService,Oasis,Yes,high,ODS:OasisCore
ati-cxs-Framework-IdentityServer,Unassigned,Yes,low,ODS:Framework
ati-cxs-GPMS-WebAPI,Oasis,Yes,high,ODS:GPMS
ati-cxs-Gaming.Wallet-MobileClassII,Oasis,Yes,high,ODS:Gaming.Wallet
ati-cxs-Gaming.WalletProcessor-MobileClassII,Oasis,Yes,high,ODS:Gaming.WalletProcessor
ati-cxs-Gaming.WalletStateService-MobileClassII,Oasis,Yes,high,ODS:Gaming.WalletStateService
ati-cxs-LoyaltyKiosk-KioskManager,Loyalty,Yes,high,ODS:LoyaltyKiosk
ati-cxs-Mobile-RMQWrapper,CX-Mobile,Yes,high,ODS:Mobile
ati-cxs-MobileFoundation-AppAttestIntegrity-BE,CX-Mobile,Yes,high,ODS:MobileFoundation
ati-cxs-Mobility-CardlessConnect-App,CX-Mobile,Yes,high,ODS:Mobility
ati-cxs-Mobility-CardlessConnect-Service,CX-Mobile,Yes,high,ODS:Mobility
ati-cxs-Mobility-DynamicListener-Service,CX-Mobile,Yes,high,ODS:Mobility
ati-cxs-Mobility-DynamicMessaging-Service,CX-Mobile,Yes,high,ODS:Mobility
ati-cxs-Mobility-EAPI.JackpotInfo,CX-Mobile,Yes,high,ODS:CX-Mobile
ati-cxs-Mobility-EAPI.PlayerInfo,CX-Mobile,Yes,high,ODS:CX-Mobile
ati-cxs-Mobility-EAPI.Wallet,CX-Mobile,Yes,high,ODS:CX-Mobile
ati-cxs-Mobility-EAPI.WalletProcessor,CX-Mobile,Yes,high,ODS:Mobility
ati-cxs-Mobility-EAPI.WalletStateService,CX-Mobile,Yes,high,ODS:CX-Mobile
ati-cxs-Mobility-EnrollMixApps,EX-Mobile,Yes,high,ODS:EX-Mobile
ati-cxs-Mobility-Mobile.Connect.Configuration-App,CX-Mobile,Yes,high,ODS:Mobility
ati-cxs-Mobility-MobilenCompass-App,CX-Mobile,Yes,high,ODS:Mobility
ati-cxs-Mobility-PlayerDevices-LicenseCreator,CX-Mobile,Yes,high,ODS:Mobility
ati-cxs-Mobility-PlayerDevices-Service,EX-Mobile,Yes,high,ODS:EX-Mobile
ati-cxs-Mobility-Wallet-ExternalWalletFundTransfer,CX-Mobile,Yes,high,ODS:Mobility
ati-cxs-Mobility-Wallet-Service,CX-Mobile,Yes,high,ODS:Mobility
ati-cxs-Mobility-WalletApp,CX-Mobile,Yes,high,ODS:Mobility
ati-cxs-Mobility-WalletConfigurationApp,CX-Mobile,Yes,high,ODS:Mobility
ati-cxs-OasisCore-Administrator,Oasis,Yes,high,ODS:OasisCore
ati-cxs-OasisCore-AppConfigurationManager,Oasis,Yes,high,ODS:OasisCore
ati-cxs-OasisCore-Bingo,Oasis,Yes,high,ODS:OasisCore
ati-cxs-OasisCore-BlackBart,Oasis,Yes,high,ODS:OasisCore
ati-cxs-OasisCore-BonusPoints,Oasis,Yes,high,ODS:OasisCore
ati-cxs-OasisCore-CoinsInterfaceService,Oasis,Yes,high,ODS:OasisCore
ati-cxs-OasisCore-ConfigurationService,Oasis,Yes,high,ODS:OasisCore
ati-cxs-OasisCore-ConfigurationService-windows,Oasis,Yes,high,ODS:OasisCore
ati-cxs-OasisCore-CountInterface,Oasis,Yes,high,ODS:OasisCore
ati-cxs-OasisCore-CountOperation,Oasis,Yes,high,ODS:OasisCore
ati-cxs-OasisCore-DV-Oasis15-1-SecurityService,Oasis,Yes,high,ODS:OasisCore
ati-cxs-OasisCore-DV-Oasis15-1-SurveillanceMonitor,Oasis,Yes,high,ODS:OasisCore
ati-cxs-OasisCore-DV-Oasis16-0-Administrator,Oasis,Yes,high,ODS:OasisCore
ati-cxs-OasisCore-DV-Oasis16-0-BlackBart,Oasis,Yes,high,ODS:OasisCore
ati-cxs-OasisCore-DV-Oasis16-0-FloorLogix,Oasis,Yes,high,ODS:OasisCore
ati-cxs-OasisCore-DV-Oasis16-0-JackpotFill,Oasis,Yes,high,ODS:OasisCore
ati-cxs-OasisCore-DV-Oasis16-0-MarketingManager,Oasis,Yes,high,ODS:OasisCore
ati-cxs-OasisCore-DV-Oasis16-0-PitBOSS,Oasis,Yes,high,ODS:OasisCore
ati-cxs-OasisCore-DV-Oasis16-0-SuperPlaymate,Oasis,Yes,high,ODS:OasisCore
ati-cxs-OasisCore-DiagnosticMonitor,Oasis,Yes,high,ODS:OasisCore
ati-cxs-OasisCore-EncryptionandConversionManager,Oasis,Yes,high,ODS:OasisCore
ati-cxs-OasisCore-ExternalFloor,Oasis,Yes,high,ODS:OasisCore
ati-cxs-OasisCore-FloorApi-Service,Oasis,Yes,high,ODS:OasisCore
ati-cxs-OasisCore-FloorLogix,Oasis,Yes,high,ODS:OasisCore
ati-cxs-OasisCore-FolioService,Oasis,Yes,high,ODS:OasisCore
ati-cxs-OasisCore-Gateway,Oasis,Yes,high,ODS:OasisCore
ati-cxs-OasisCore-HeadCount,Oasis,Yes,high,ODS:OasisCore
ati-cxs-OasisCore-JackpotFill,Oasis,Yes,high,ODS:OasisCore
ati-cxs-OasisCore-JackpotFill-BFF,Oasis,Yes,high,ODS:OasisCore
ati-cxs-OasisCore-JackpotFill-UI,Oasis,Yes,high,ODS:OasisCore
ati-cxs-OasisCore-JackpotService,Oasis,Yes,high,ODS:OasisCore
ati-cxs-OasisCore-JurisdictionalReportUtility,Oasis,Yes,high,ODS:OasisCore
ati-cxs-OasisCore-Launcher.Service,Oasis,Yes,high,ODS:OasisCore
ati-cxs-OasisCore-Launcher.UI,Oasis,Yes,high,ODS:OasisCore
ati-cxs-OasisCore-LicenseFileCreater,Oasis,Yes,high,ODS:OasisCore
ati-cxs-OasisCore-LicenseFileManager,Oasis,Yes,high,ODS:OasisCore
ati-cxs-OasisCore-Licensing.AdministratorService,Oasis,Yes,high,ODS:OasisCore
ati-cxs-OasisCore-Licensing.AdministratorUI,Oasis,Yes,high,ODS:OasisCore
ati-cxs-OasisCore-Licensing.Importer.UI,Oasis,Yes,high,ODS:OasisCore
ati-cxs-OasisCore-Licensing.ImporterService,Oasis,Yes,high,ODS:OasisCore
ati-cxs-OasisCore-MRDV-Oasis15-0MR-SurveillanceMonitor,Oasis,Yes,high,ODS:OasisCore
ati-cxs-OasisCore-ManagementApp,Oasis,Yes,high,ODS:OasisCore
ati-cxs-OasisCore-ManagementUI,Oasis,Yes,high,ODS:OasisCore
ati-cxs-OasisCore-MarketingManager,Oasis,Yes,high,ODS:OasisCore
ati-cxs-OasisCore-MarketingService,Oasis,Yes,high,ODS:OasisCore
ati-cxs-OasisCore-MessageRelayService,Oasis,Yes,high,ODS:OasisCore
ati-cxs-OasisCore-Meter-Service,Oasis,Yes,high,ODS:OasisCore
ati-cxs-OasisCore-MeterComparison,Oasis,Yes,high,ODS:OasisCore
ati-cxs-OasisCore-NewOasis,Oasis,Yes,high,ODS:OasisCore
ati-cxs-OasisCore-Oasis-nConnect,Oasis,Yes,high,ODS:OasisCore
ati-cxs-OasisCore-OasisWildwoodCasino-MRDV-FloorLogix,Oasis,Yes,high,ODS:OasisCore
ati-cxs-OasisCore-OasisWildwoodCasino-RL-FloorLogix,Oasis,Yes,high,ODS:OasisCore
ati-cxs-OasisCore-OhioW2GExtract,Oasis,Yes,high,ODS:OasisCore
ati-cxs-OasisCore-OmniView,Oasis,Yes,high,ODS:OasisCore
ati-cxs-OasisCore-PT-Oasis15-2-4-Administrator,Oasis,Yes,high,ODS:OasisCore
ati-cxs-OasisCore-PT-Oasis15-2-4-BlackBart,Oasis,Yes,high,ODS:OasisCore
ati-cxs-OasisCore-PT-Oasis15-2-4-S2SCS,Oasis,Yes,high,ODS:OasisCore
ati-cxs-OasisCore-PatronBalSvc,Oasis,Yes,high,ODS:OasisCore
ati-cxs-OasisCore-PatronService,Oasis,Yes,high,ODS:OasisCore
ati-cxs-OasisCore-PitBOSS,Oasis,Yes,high,ODS:OasisCore
ati-cxs-OasisCore-PitPrinter,Oasis,Yes,high,ODS:OasisCore
ati-cxs-OasisCore-PlayerService,Oasis,Yes,high,ODS:OasisCore
ati-cxs-OasisCore-PollerClient,Oasis,Yes,high,ODS:OasisCore
ati-cxs-OasisCore-PropertyInfo,Oasis,Yes,high,ODS:OasisCore
ati-cxs-OasisCore-PropertyService,Oasis,Yes,high,ODS:OasisCore
ati-cxs-OasisCore-ProximityCalculator,Oasis,Yes,high,ODS:OasisCore
ati-cxs-OasisCore-QuickFunds,Oasis,Yes,high,ODS:OasisCore
ati-cxs-OasisCore-Quickets,Oasis,Yes,high,ODS:OasisCore
ati-cxs-OasisCore-Quickets-BFF,Oasis,Yes,high,ODS:OasisCore
ati-cxs-OasisCore-RCCL-MMI,Oasis,Yes,high,ODS:OasisCore
ati-cxs-OasisCore-RCCL-VDMI,Oasis,Yes,high,ODS:OasisCore
ati-cxs-OasisCore-RCCLVDMI,Oasis,Yes,high,ODS:OasisCore
ati-cxs-OasisCore-RL-6.4.0-IdentityServer,Oasis,Yes,high,ODS:OasisCore
ati-cxs-OasisCore-RL-Oasis15-0-S2SCS,Oasis,Yes,high,ODS:OasisCore
ati-cxs-OasisCore-RL-Oasis15-0-SecurityService,Oasis,Yes,high,ODS:OasisCore
ati-cxs-OasisCore-RL-Oasis15-0-SurveillanceMonitor,Oasis,Yes,high,ODS:OasisCore
ati-cxs-OasisCore-RL-Oasis15-1-SurveillanceMonitor,Oasis,Yes,high,ODS:OasisCore
ati-cxs-OasisCore-RL-Oasis15-2-S2SCS,Oasis,Yes,high,ODS:OasisCore
ati-cxs-OasisCore-RabbitMq.Sdk,Oasis,Yes,high,ODS:OasisCore
ati-cxs-OasisCore-S2SCS,Oasis,Yes,high,ODS:OasisCore
ati-cxs-OasisCore-SchedulerService,Oasis,Yes,high,ODS:OasisCore
ati-cxs-OasisCore-SecurityService,Oasis,Yes,high,ODS:OasisCore
ati-cxs-OasisCore-Settings-Service,Oasis,Yes,high,ODS:OasisCore
ati-cxs-OasisCore-SightingsApi,Oasis,Yes,high,ODS:OasisCore
ati-cxs-OasisCore-SlotApi,Oasis,Yes,high,ODS:OasisCore
ati-cxs-OasisCore-SlotEvent,Oasis,Yes,high,ODS:OasisCore
ati-cxs-OasisCore-SpeedMedia,Oasis,Yes,high,ODS:OasisCore
ati-cxs-OasisCore-SuperPlaymate,Oasis,Yes,high,ODS:OasisCore
ati-cxs-OasisCore-SurveillanceMonitor,Oasis,Yes,high,ODS:OasisCore
ati-cxs-OasisCore-TaxFormInfo,Oasis,Yes,high,ODS:OasisCore
ati-cxs-OasisCore-TicketingUI,Oasis,Yes,high,ODS:OasisCore
ati-cxs-OasisCore-UAC.Service,Oasis,Yes,high,ODS:OasisCore
ati-cxs-OasisCore-UAC.UI,Oasis,Yes,high,ODS:OasisCore
ati-cxs-OasisCore-VoucherService,Oasis,Yes,high,ODS:OasisCore
ati-cxs-OasisCore-VoucherServices,Oasis,Yes,high,ODS:OasisCore
ati-cxs-OasisCore-W2G,Oasis,Yes,high,ODS:OasisCore
ati-cxs-OasisCore-WatchDog,Oasis,Yes,high,ODS:OasisCore
ati-cxs-OasisCore-WisconsinExtract,Oasis,Yes,high,ODS:OasisCore
ati-cxs-OasisCore-nTime,Oasis,Yes,high,ODS:OasisCore
ati-cxs-OasisCore-x2s,Oasis,Yes,high,ODS:OasisCore
ati-cxs-OasisLoyalty-BucketsManagement,Loyalty,Yes,high,ODS:OasisLoyalty
ati-cxs-OasisLoyalty-BucketsTransactions,Loyalty,Yes,high,ODS:OasisLoyalty
ati-cxs-OasisLoyalty-BulkCardPrint,Loyalty,Yes,high,ODS:OasisLoyalty
ati-cxs-OasisLoyalty-DeliveryService,Loyalty,Yes,high,ODS:OasisLoyalty
ati-cxs-OasisLoyalty-Doorman,Loyalty,Yes,high,ODS:OasisLoyalty
ati-cxs-OasisLoyalty-DoormanService,Loyalty,Yes,high,ODS:OasisLoyalty
ati-cxs-OasisLoyalty-EncryptIdentity,Loyalty,Yes,high,ODS:OasisLoyalty
ati-cxs-OasisLoyalty-Encryptifier,Loyalty,Yes,high,ODS:OasisLoyalty
ati-cxs-OasisLoyalty-Encryptor,Loyalty,Yes,high,ODS:OasisLoyalty
ati-cxs-OasisLoyalty-GatewayTesterApp,Loyalty,Yes,high,ODS:OasisLoyalty
ati-cxs-OasisLoyalty-InitialImporter,Loyalty,Yes,high,ODS:OasisLoyalty
ati-cxs-OasisLoyalty-IntegrationGateway,Loyalty,Yes,high,ODS:OasisLoyalty
ati-cxs-OasisLoyalty-InventoryCashCheckout,Loyalty,Yes,high,ODS:OasisLoyalty
ati-cxs-OasisLoyalty-KioskGateway,Loyalty,Yes,high,ODS:OasisLoyalty
ati-cxs-OasisLoyalty-LoginSyncService,Loyalty,Yes,high,ODS:OasisLoyalty
ati-cxs-OasisLoyalty-Lookup,Loyalty,Yes,high,ODS:OasisLoyalty
ati-cxs-OasisLoyalty-LoyaltyAssist,Loyalty,Yes,high,ODS:OasisLoyalty
ati-cxs-OasisLoyalty-LoyaltyBackend,Loyalty,Yes,high,ODS:OasisLoyalty
ati-cxs-OasisLoyalty-LoyaltyCoretoolbox,Loyalty,Yes,high,ODS:OasisLoyalty
ati-cxs-OasisLoyalty-LoyaltyExclusionMigration,Loyalty,Yes,high,ODS:OasisLoyalty
ati-cxs-OasisLoyalty-LoyaltyLite,Loyalty,Yes,high,ODS:OasisLoyalty
ati-cxs-OasisLoyalty-LoyaltyLiteService,Loyalty,Yes,high,ODS:OasisLoyalty
ati-cxs-OasisLoyalty-LoyaltyPrint,Loyalty,Yes,high,ODS:OasisLoyalty
ati-cxs-OasisLoyalty-LoyaltyUI,Loyalty,Yes,high,ODS:OasisLoyalty
ati-cxs-OasisLoyalty-MarketingLoyalty,Loyalty,Yes,high,ODS:OasisLoyalty
ati-cxs-OasisLoyalty-MassImporter,Loyalty,Yes,high,ODS:OasisLoyalty
ati-cxs-OasisLoyalty-NonCashableLoyaltyGateway,Loyalty,Yes,high,ODS:OasisLoyalty
ati-cxs-OasisLoyalty-OasisLoyaltyGateway,Loyalty,Yes,high,ODS:OasisLoyalty
ati-cxs-OasisLoyalty-OfferImport,Loyalty,Yes,high,ODS:OasisLoyalty
ati-cxs-OasisLoyalty-Outbox,Loyalty,Yes,high,ODS:OasisLoyalty
ati-cxs-OasisLoyalty-PatronLogix,Loyalty,Yes,high,ODS:OasisLoyalty
ati-cxs-OasisLoyalty-PlayerInfoService,Loyalty,Yes,high,ODS:OasisLoyalty
ati-cxs-OasisLoyalty-PropertyInfoService,Loyalty,Yes,high,ODS:OasisLoyalty
ati-cxs-OasisLoyalty-ReportingService,Loyalty,Yes,high,ODS:OasisLoyalty
ati-cxs-OasisLoyalty-RewardsService,Loyalty,Yes,high,ODS:OasisLoyalty
ati-cxs-OasisLoyalty-Router,Loyalty,Yes,high,ODS:OasisLoyalty
ati-cxs-OasisLoyalty-ServiceBus,Loyalty,Yes,high,ODS:OasisLoyalty
ati-cxs-OasisLoyalty-ServiceMonitor,Loyalty,Yes,high,ODS:OasisLoyalty
ati-cxs-OasisLoyalty-Synchronizer,Loyalty,Yes,high,ODS:OasisLoyalty
ati-cxs-OasisLoyalty-TaskCoordinator,Loyalty,Yes,high,ODS:OasisLoyalty
ati-cxs-OasisLoyalty-UniMerge,Loyalty,Yes,high,ODS:OasisLoyalty
ati-cxs-OasisLoyalty-UniMergeService,Loyalty,Yes,high,ODS:OasisLoyalty
ati-cxs-OasisLoyalty-WebApp,Loyalty,Yes,high,ODS:OasisLoyalty
ati-cxs-Ordering-Apps-DOT,Oasis,Yes,high,ODS:Ordering
ati-cxs-Ordering-Service-DOT,EX-Mobile,Yes,high,ODS:EX-Mobile
ati-cxs-PlayerActivityStmt-App,EX-Mobile,Yes,high,ODS:EX-Mobile
ati-cxs-PlayerActivityStmt-Service,EX-Mobile,Yes,high,ODS:PlayerActivityStmt
ati-cxs-PlayerMax-ATI.Admin.API,CX-Mobile,Yes,high,ODS:CX-Mobile
ati-cxs-PlayerMax-ATI.PlayerMax.HMS.API,CX-Mobile,Yes,high,ODS:CX-Mobile
ati-cxs-PlayerMax-ATI.Scheduler.Service,CX-Mobile,Yes,high,ODS:CX-Mobile
ati-cxs-PlayerMax-COGWebAPI,CX-Mobile,Yes,high,ODS:CX-Mobile
ati-cxs-PlayerMax-PublisherService,CX-Mobile,Yes,high,ODS:CX-Mobile
ati-cxs-PlayerMaxService-ATI.MigrateUser,CX-Mobile,Yes,high,ODS:CX-Mobile
ati-cxs-Playermax-Administrator,CX-Mobile,Yes,high,ODS:CX-Mobile
ati-cxs-Playermax-CasinoService,CX-Mobile,Yes,high,ODS:CX-Mobile
ati-cxs-Playermax-HMS.WhiteListUploadHandler,EX-Mobile,Yes,high,ODS:Playermax
ati-cxs-Playermax-MobileWebAdmin,CX-Mobile,Yes,high,ODS:CX-Mobile
ati-cxs-Playermax-PlayerMaxApp,CX-Mobile,Yes,high,ODS:CX-Mobile
ati-cxs-Playermax-ReusableCompLibrary,EX-Mobile,Yes,high,ODS:Playermax
ati-cxs-Playermax-Transcoder,EX-Mobile,Yes,high,ODS:Playermax
ati-cxs-S7000-PrimeConsole,System7000,Yes,high,ODS:S7000
ati-cxs-SelfExclusion-App,EX-Mobile,Yes,high,ODS:SelfExclusion
ati-cxs-SelfExclusion-Service,EX-Mobile,Yes,high,ODS:SelfExclusion
ati-cxs-ex-FloorFocus-App,EX-Mobile,Yes,high,ODS:EX-Mobile
ati-cxs-ex-TaskService,EX-Mobile,Yes,high,ODS:EX-Mobile
ati-cxs-mobile-walletapp,CX-Mobile,Yes,high,ODS:mobile
ati-cxs-mobility-Oasis360,EX-Mobile,Yes,high,ODS:EX-Mobile
ati-cxs-mobility-mobileconnect-app,CX-Mobile,Yes,high,ODS:mobility
ati-cxs-mobility-mobileconnect-table,CX-Mobile,Yes,high,ODS:mobility
ati-cxs-nCompass-OOBPluggableApps,nCompass,Yes,high,ODS:nCompass
ati-cxs-nCompass-UI,nCompass,Yes,high,ODS:nCompass
ati-cxs-nCompass-cpp,nCompass,Yes,high,ODS:nCompass
