Quarter,Studio,Project_Name,Branch,Critical,High,Medium,Low,Run_date
August'26,nCompass,ati-cxs-nCompass-cpp,nCompass Release 15.0.12,0,7,0,0,2026-08-06
August'26,CX-Mobile,ati-cxs-Mobile-RMQWrapper,main,0,0,0,0,2026-08-06
August'26,CX-Mobile,ati-cxs-MobileFoundation-AppAttestIntegrity-BE,main,0,0,0,0,2026-08-06
August'26,CX-Mobile,ati-cxs-Mobility-CardlessConnect-App,Releases/26.3.0,0,0,0,0,2026-08-06
August'26,CX-Mobile,ati-cxs-Mobility-CardlessConnect-App,Dev/26.4.0-cardless-cashless,0,0,0,0,2026-08-06
August'26,CX-Mobile,ati-cxs-Mobility-CardlessConnect-Service,Dev/26.4.0-cardless-cashless,0,0,0,0,2026-08-06
August'26,CX-Mobile,ati-cxs-Mobility-CardlessConnect-Service,Releases/26.3.0,0,0,0,0,2026-08-06
August'26,CX-Mobile,ati-cxs-Mobility-DynamicListener-Service,Releases/2.0.1,0,0,0,0,2026-08-06
August'26,CX-Mobile,ati-cxs-Mobility-DynamicMessaging-Service,Releases/2.0.1,0,0,0,0,2026-08-06
August'26,CX-Mobile,ati-cxs-Mobility-EAPI.JackpotInfo,"""refs/heads/Releases/15.3.0""",0,0,0,9,2026-08-06
August'26,CX-Mobile,ati-cxs-Mobility-EAPI.JackpotInfo,"""refs/heads/dev/15.3.0-gs-mobile-on-prem""",0,0,0,19,2026-08-06
August'26,CX-Mobile,ati-cxs-Mobility-EAPI.PlayerInfo,"""refs/heads/Releases/15.3.0""",0,0,0,1,2026-08-06
August'26,CX-Mobile,ati-cxs-Mobility-EAPI.PlayerInfo,Releases/26.0.0,0,0,0,0,2026-08-06
August'26,CX-Mobile,ati-cxs-Mobility-EAPI.PlayerInfo,Releases/26.3.0,0,0,0,0,2026-08-06
August'26,CX-Mobile,ati-cxs-Mobility-EAPI.PlayerInfo,Dev/26.4.0-cardless-cashless,0,0,0,0,2026-08-06
August'26,CX-Mobile,ati-cxs-Mobility-EAPI.PlayerInfo,"""refs/heads/dev/15.3.0-gs-mobile-on-prem""",0,0,0,5,2026-08-06
August'26,CX-Mobile,ati-cxs-Mobility-EAPI.Wallet,"""refs/heads/Releases/15.3.0""",0,0,0,7,2026-08-06
August'26,CX-Mobile,ati-cxs-Mobility-EAPI.Wallet,"""refs/heads/Releases/15.2.0""",0,4,0,7,2026-08-06
August'26,CX-Mobile,ati-cxs-Mobility-EAPI.Wallet,Patch/15.3.1,0,0,0,7,2026-08-06
August'26,CX-Mobile,ati-cxs-Mobility-EAPI.Wallet,Releases/26.3.0,0,0,0,0,2026-08-06
August'26,CX-Mobile,ati-cxs-Mobility-EAPI.Wallet,Dev/26.4.0-cardless-cashless,0,0,0,0,2026-08-06
August'26,CX-Mobile,ati-cxs-Mobility-EAPI.Wallet,"""refs/heads/Dev/15.3.0-gs-mobile-on-prem""",0,4,0,7,2026-08-06
August'26,CX-Mobile,ati-cxs-Mobility-EAPI.Wallet,"""refs/heads/Dev/SonarQubeSecurityFixes""",0,0,0,0,2026-08-06
August'26,CX-Mobile,ati-cxs-Mobility-EAPI.WalletProcessor,Patch/15.3.1,0,0,0,7,2026-08-06
August'26,CX-Mobile,ati-cxs-Mobility-EAPI.WalletProcessor,Releases/26.3.0,0,0,0,0,2026-08-06
August'26,CX-Mobile,ati-cxs-Mobility-EAPI.WalletProcessor,Dev/26.4.0-cardless-cashless,0,0,0,0,2026-08-06
August'26,CX-Mobile,ati-cxs-Mobility-EAPI.WalletStateService,"""refs/heads/Releases/15.3.0""",0,0,0,7,2026-08-06
August'26,CX-Mobile,ati-cxs-Mobility-EAPI.WalletStateService,"""refs/heads/Dev/SonarQubeSecurityFixes""",0,0,0,0,2026-08-06
August'26,CX-Mobile,ati-cxs-Mobility-EAPI.WalletStateService,Patch/15.3.1,0,0,0,7,2026-08-06
August'26,CX-Mobile,ati-cxs-Mobility-EAPI.WalletStateService,Releases/26.3.0,0,0,0,0,2026-08-06
August'26,CX-Mobile,ati-cxs-Mobility-EAPI.WalletStateService,Dev/26.4.0-cardless-cashless,0,0,0,0,2026-08-06
August'26,CX-Mobile,ati-cxs-Mobility-EAPI.WalletStateService,"""refs/heads/Dev/15.3.0-gs-mobile-on-prem""",0,4,0,7,2026-08-06
August'26,CX-Mobile,ati-cxs-Mobility-EAPI.WalletStateService,"""refs/heads/Releases/15.2.0""",0,4,0,7,2026-08-06
August'26,CX-Mobile,ati-cxs-Mobility-Mobile.Connect.Configuration-App,nm106775/migration,0,0,0,0,2026-08-06
August'26,CX-Mobile,ati-cxs-Mobility-Mobile.Connect.Configuration-App,refs/heads/Releases/2.0.1,0,0,0,0,2026-08-06
August'26,CX-Mobile,ati-cxs-Mobility-Mobile.Connect.Configuration-App,Dev/26.4.0-cardless-cashless,0,0,0,0,2026-08-06
August'26,CX-Mobile,ati-cxs-Mobility-Mobile.Connect.Configuration-App,Releases/26.3.0,0,0,0,0,2026-08-06
August'26,CX-Mobile,ati-cxs-Mobility-MobilenCompass-App,master,0,0,0,0,2026-08-06
August'26,CX-Mobile,ati-cxs-Mobility-PlayerDevices-LicenseCreator,main,0,0,0,0,2026-08-06
August'26,CX-Mobile,ati-cxs-Mobility-Wallet-ExternalWalletFundTransfer,Patch/15.3.1,0,0,0,7,2026-08-06
August'26,CX-Mobile,ati-cxs-Mobility-Wallet-ExternalWalletFundTransfer,Releases/26.3.0,0,0,0,0,2026-08-06
August'26,CX-Mobile,ati-cxs-Mobility-Wallet-ExternalWalletFundTransfer,Dev/26.4.0-cardless-cashless,0,0,0,0,2026-08-06
August'26,CX-Mobile,ati-cxs-Mobility-Wallet-Service,"""refs/heads/Releases/2.0.3""",0,0,0,1,2026-08-06
August'26,CX-Mobile,ati-cxs-Mobility-Wallet-Service,"""refs/heads/Dev/SonarQubeSecurityFixes""",0,0,0,0,2026-08-06
August'26,CX-Mobile,ati-cxs-Mobility-Wallet-Service,Releases/26.3.0,0,0,0,0,2026-08-06
August'26,CX-Mobile,ati-cxs-Mobility-Wallet-Service,pankajb/Bug_768383,0,0,0,0,2026-08-06
August'26,CX-Mobile,ati-cxs-Mobility-Wallet-Service,Dev/26.4.0-cardless-cashless,0,0,0,0,2026-08-06
August'26,CX-Mobile,ati-cxs-Mobility-Wallet-Service,pankajb/Fix_Sonar_Issues,0,0,0,0,2026-08-06
August'26,CX-Mobile,ati-cxs-Mobility-WalletApp,N104757/TestMigration,0,0,0,0,2026-08-06
August'26,CX-Mobile,ati-cxs-Mobility-WalletConfigurationApp,refs/heads/Releases/2.0.1,0,0,0,0,2026-08-06
August'26,CX-Mobile,ati-cxs-Mobility-WalletConfigurationApp,refs/heads/Dev/2.0.3-Digital-Card,0,0,0,0,2026-08-06
August'26,CX-Mobile,ati-cxs-Mobility-WalletConfigurationApp,refs/heads/Releases/2.0.3,0,0,0,0,2026-08-06
August'26,CX-Mobile,ati-cxs-PlayerMax-ATI.Admin.API,"""refs/heads/Releases/24.1.1""",0,0,4,0,2026-08-06
August'26,CX-Mobile,ati-cxs-PlayerMax-ATI.Admin.API,enable-sonar-ut,0,0,0,0,2026-08-06
August'26,CX-Mobile,ati-cxs-PlayerMax-ATI.Admin.API,"""refs/heads/Releases/25.1.0""",0,0,4,0,2026-08-06
August'26,CX-Mobile,ati-cxs-PlayerMax-ATI.Admin.API,"""refs/heads/Releases/24.1.2""",0,0,4,0,2026-08-06
August'26,CX-Mobile,ati-cxs-PlayerMax-ATI.Admin.API,Dev/26.2.0-MAM-Enhancement,0,0,0,0,2026-08-06
August'26,CX-Mobile,ati-cxs-PlayerMax-ATI.Admin.API,"""refs/heads/dev/NeutronPhase1""",0,5,6,0,2026-08-06
August'26,CX-Mobile,ati-cxs-PlayerMax-ATI.Admin.API,Releases/26.3.0,0,0,0,0,2026-08-06
August'26,CX-Mobile,ati-cxs-PlayerMax-ATI.Admin.API,"""refs/heads/Releases/24.2.0""",0,4,4,0,2026-08-06
August'26,CX-Mobile,ati-cxs-PlayerMax-ATI.Admin.API,"""refs/heads/Releases/24.0.1""",0,0,4,0,2026-08-06
August'26,CX-Mobile,ati-cxs-PlayerMax-ATI.Admin.API,"""refs/heads/dev/UNIMAMGaps""",0,5,2,0,2026-08-06
August'26,CX-Mobile,ati-cxs-PlayerMax-ATI.Admin.API,Releases/26.2.0,0,0,0,0,2026-08-06
August'26,CX-Mobile,ati-cxs-PlayerMax-ATI.Admin.API,"""refs/heads/dev/MobileFoundationPhase1""",0,4,4,0,2026-08-06
August'26,CX-Mobile,ati-cxs-PlayerMax-ATI.Admin.API,Dev/MyPlayToNMT,0,0,0,0,2026-08-06
August'26,CX-Mobile,ati-cxs-PlayerMax-ATI.Admin.API,"""refs/heads/dev/cloudenablement""",0,5,6,0,2026-08-06
August'26,CX-Mobile,ati-cxs-PlayerMax-ATI.Admin.API,"""refs/heads/Releases/15.1.0""",0,5,6,0,2026-08-06
August'26,CX-Mobile,ati-cxs-PlayerMax-ATI.Admin.API,"""refs/heads/Releases/24.0.2""",0,4,4,0,2026-08-06
August'26,CX-Mobile,ati-cxs-PlayerMax-ATI.Admin.API,"""refs/heads/dev/24.2.1-Agilysys""",0,4,4,0,2026-08-06
August'26,CX-Mobile,ati-cxs-PlayerMax-ATI.Admin.API,"""refs/heads/dev/24.2.2-txprivacy""",0,0,4,0,2026-08-06
August'26,CX-Mobile,ati-cxs-PlayerMax-ATI.Admin.API,"""refs/heads/dev/25.0.0-SelfEnrollment""",0,0,4,0,2026-08-06
August'26,CX-Mobile,ati-cxs-PlayerMax-ATI.Admin.API,"""refs/heads/dev/NMTPhase2""",0,0,4,0,2026-08-06
August'26,CX-Mobile,ati-cxs-PlayerMax-ATI.Admin.API,"""refs/heads/Releases/24.2.2""",0,0,4,0,2026-08-06
August'26,CX-Mobile,ati-cxs-PlayerMax-ATI.Admin.API,"""refs/heads/Releases/24.1.0""",0,4,4,0,2026-08-06
August'26,CX-Mobile,ati-cxs-PlayerMax-ATI.Admin.API,"""refs/heads/dev/24.0.3-txprivacy""",0,4,4,0,2026-08-06
August'26,CX-Mobile,ati-cxs-PlayerMax-ATI.Admin.API,"""refs/heads/dev/24.0.2-Agilysys""",0,5,6,0,2026-08-06
August'26,CX-Mobile,ati-cxs-PlayerMax-ATI.Admin.API,"""refs/heads/dev/SustainableAustralia""",0,5,6,0,2026-08-06
August'26,CX-Mobile,ati-cxs-PlayerMax-ATI.Admin.API,"""refs/heads/Releases/25.0.0""",0,0,4,0,2026-08-06
August'26,CX-Mobile,ati-cxs-PlayerMax-ATI.Admin.API,"""refs/heads/dev/SelfEnrollment_idverse""",0,4,4,0,2026-08-06
August'26,CX-Mobile,ati-cxs-PlayerMax-ATI.PlayerMax.HMS.API,"""refs/heads/dev/24.2.2-txprivacy""",0,0,4,0,2026-08-06
August'26,CX-Mobile,ati-cxs-PlayerMax-ATI.PlayerMax.HMS.API,"""refs/heads/Releases/25.1.0""",0,0,4,0,2026-08-06
August'26,CX-Mobile,ati-cxs-PlayerMax-ATI.PlayerMax.HMS.API,"""refs/heads/Releases/24.0.2""",0,6,4,0,2026-08-06
August'26,CX-Mobile,ati-cxs-PlayerMax-ATI.PlayerMax.HMS.API,enable-sonar-ut,0,0,0,0,2026-08-06
August'26,CX-Mobile,ati-cxs-PlayerMax-ATI.PlayerMax.HMS.API,"""refs/heads/Releases/24.1.1""",0,2,4,0,2026-08-06
August'26,CX-Mobile,ati-cxs-PlayerMax-ATI.PlayerMax.HMS.API,"""refs/heads/Releases/24.1.2""",0,2,4,0,2026-08-06
August'26,CX-Mobile,ati-cxs-PlayerMax-ATI.PlayerMax.HMS.API,Releases/26.3.0,0,0,0,0,2026-08-06
August'26,CX-Mobile,ati-cxs-PlayerMax-ATI.PlayerMax.HMS.API,"""refs/heads/dev/24.1.2-Digital-Card""",0,2,4,0,2026-08-06
August'26,CX-Mobile,ati-cxs-PlayerMax-ATI.PlayerMax.HMS.API,"""refs/heads/dev/UNIMAMGaps""",0,6,2,0,2026-08-06
August'26,CX-Mobile,ati-cxs-PlayerMax-ATI.PlayerMax.HMS.API,Releases/26.2.0,0,0,0,0,2026-08-06
August'26,CX-Mobile,ati-cxs-PlayerMax-ATI.PlayerMax.HMS.API,Dev/MyPlayToNMT,0,0,0,0,2026-08-06
August'26,CX-Mobile,ati-cxs-PlayerMax-ATI.PlayerMax.HMS.API,"""refs/heads/dev/SelfEnrollment_idverse""",0,4,4,0,2026-08-06
August'26,CX-Mobile,ati-cxs-PlayerMax-ATI.PlayerMax.HMS.API,Dev/26.2.0-MAM-Enhancement,0,1,0,0,2026-08-06
August'26,CX-Mobile,ati-cxs-PlayerMax-ATI.PlayerMax.HMS.API,"""refs/heads/Releases/15.1.0""",0,6,6,0,2026-08-06
August'26,CX-Mobile,ati-cxs-PlayerMax-ATI.PlayerMax.HMS.API,"""refs/heads/dev/cloudenablement""",0,6,6,0,2026-08-06
August'26,CX-Mobile,ati-cxs-PlayerMax-ATI.PlayerMax.HMS.API,"""refs/heads/dev/NeutronPhase1""",0,6,6,0,2026-08-06
August'26,CX-Mobile,ati-cxs-PlayerMax-ATI.PlayerMax.HMS.API,"""refs/heads/Releases/24.1.0""",0,4,4,0,2026-08-06
August'26,CX-Mobile,ati-cxs-PlayerMax-ATI.PlayerMax.HMS.API,"""refs/heads/dev/24.0.3-txprivacy""",0,6,4,0,2026-08-06
August'26,CX-Mobile,ati-cxs-PlayerMax-ATI.PlayerMax.HMS.API,"""refs/heads/dev/24.2.1-Agilysys""",0,4,4,0,2026-08-06
August'26,CX-Mobile,ati-cxs-PlayerMax-ATI.PlayerMax.HMS.API,"""refs/heads/dev/24.0.2-Agilysys""",0,6,6,0,2026-08-06
August'26,CX-Mobile,ati-cxs-PlayerMax-ATI.PlayerMax.HMS.API,"""refs/heads/Releases/24.2.2""",0,0,4,0,2026-08-06
August'26,CX-Mobile,ati-cxs-PlayerMax-ATI.PlayerMax.HMS.API,"""refs/heads/dev/NMTPhase2""",0,0,4,0,2026-08-06
August'26,CX-Mobile,ati-cxs-PlayerMax-ATI.PlayerMax.HMS.API,"""refs/heads/dev/MobileFoundationPhase1""",0,4,4,0,2026-08-06
August'26,CX-Mobile,ati-cxs-PlayerMax-ATI.PlayerMax.HMS.API,"""refs/heads/dev/25.0.0-SelfEnrollment""",0,0,4,0,2026-08-06
August'26,CX-Mobile,ati-cxs-PlayerMax-ATI.PlayerMax.HMS.API,"""refs/heads/Releases/24.2.0""",0,4,4,0,2026-08-06
August'26,CX-Mobile,ati-cxs-PlayerMax-ATI.PlayerMax.HMS.API,"""refs/heads/Releases/25.0.0""",0,0,4,0,2026-08-06
August'26,CX-Mobile,ati-cxs-PlayerMax-ATI.Scheduler.Service,"""refs/heads/Releases/24.1.1""",0,0,4,0,2026-08-06
August'26,CX-Mobile,ati-cxs-PlayerMax-ATI.Scheduler.Service,"""refs/heads/Releases/25.1.0""",0,0,4,0,2026-08-06
August'26,CX-Mobile,ati-cxs-PlayerMax-ATI.Scheduler.Service,enable-sonar-ut,0,0,0,0,2026-08-06
August'26,CX-Mobile,ati-cxs-PlayerMax-ATI.Scheduler.Service,Releases/26.3.0,0,0,0,0,2026-08-06
August'26,CX-Mobile,ati-cxs-PlayerMax-ATI.Scheduler.Service,"""refs/heads/Releases/24.2.0""",0,4,4,0,2026-08-06
August'26,CX-Mobile,ati-cxs-PlayerMax-ATI.Scheduler.Service,"""refs/heads/Releases/24.0.1""",0,0,4,0,2026-08-06
August'26,CX-Mobile,ati-cxs-PlayerMax-ATI.Scheduler.Service,"""refs/heads/dev/UNIMAMGaps""",0,4,2,0,2026-08-06
August'26,CX-Mobile,ati-cxs-PlayerMax-ATI.Scheduler.Service,"""refs/heads/dev/MobileFoundationPhase1""",0,4,4,0,2026-08-06
August'26,CX-Mobile,ati-cxs-PlayerMax-ATI.Scheduler.Service,Releases/26.2.0,0,0,0,0,2026-08-06
August'26,CX-Mobile,ati-cxs-PlayerMax-ATI.Scheduler.Service,"""refs/heads/dev/cloudenablement""",0,4,6,0,2026-08-06
August'26,CX-Mobile,ati-cxs-PlayerMax-ATI.Scheduler.Service,Dev/MyPlayToNMT,0,0,0,0,2026-08-06
August'26,CX-Mobile,ati-cxs-PlayerMax-ATI.Scheduler.Service,"""refs/heads/dev/NeutronPhase1""",0,4,6,0,2026-08-06
August'26,CX-Mobile,ati-cxs-PlayerMax-ATI.Scheduler.Service,"""refs/heads/Releases/24.1.2""",0,0,4,0,2026-08-06
August'26,CX-Mobile,ati-cxs-PlayerMax-ATI.Scheduler.Service,"""refs/heads/dev/24.1.2-Digital-Card""",0,0,4,0,2026-08-06
August'26,CX-Mobile,ati-cxs-PlayerMax-ATI.Scheduler.Service,"""refs/heads/dev/24.2.2-txprivacy""",0,0,4,0,2026-08-06
August'26,CX-Mobile,ati-cxs-PlayerMax-ATI.Scheduler.Service,"""refs/heads/dev/SelfEnrollment_idverse""",0,4,4,0,2026-08-06
August'26,CX-Mobile,ati-cxs-PlayerMax-ATI.Scheduler.Service,"""refs/heads/Releases/15.1.0""",0,4,6,0,2026-08-06
August'26,CX-Mobile,ati-cxs-PlayerMax-ATI.Scheduler.Service,"""refs/heads/dev/SustainableAustralia""",0,4,6,0,2026-08-06
August'26,CX-Mobile,ati-cxs-PlayerMax-ATI.Scheduler.Service,"""refs/heads/Releases/24.1.0""",0,4,4,0,2026-08-06
August'26,CX-Mobile,ati-cxs-PlayerMax-ATI.Scheduler.Service,"""refs/heads/dev/24.0.2-Agilysys""",0,4,6,0,2026-08-06
August'26,CX-Mobile,ati-cxs-PlayerMax-ATI.Scheduler.Service,"""refs/heads/dev/24.2.1-Agilysys""",0,4,4,0,2026-08-06
August'26,CX-Mobile,ati-cxs-PlayerMax-ATI.Scheduler.Service,"""refs/heads/dev/25.0.0-SelfEnrollment""",0,0,4,0,2026-08-06
August'26,CX-Mobile,ati-cxs-PlayerMax-ATI.Scheduler.Service,"""refs/heads/Releases/24.2.2""",0,0,4,0,2026-08-06
August'26,CX-Mobile,ati-cxs-PlayerMax-ATI.Scheduler.Service,"""refs/heads/dev/NMTPhase2""",0,0,4,0,2026-08-06
August'26,CX-Mobile,ati-cxs-PlayerMax-ATI.Scheduler.Service,"""refs/heads/Releases/24.0.2""",0,4,4,0,2026-08-06
August'26,CX-Mobile,ati-cxs-PlayerMax-ATI.Scheduler.Service,"""refs/heads/dev/24.0.3-txprivacy""",0,4,4,0,2026-08-06
August'26,CX-Mobile,ati-cxs-PlayerMax-ATI.Scheduler.Service,"""refs/heads/Releases/25.0.0""",0,0,4,0,2026-08-06
August'26,CX-Mobile,ati-cxs-PlayerMax-COGWebAPI,enable-sonar-ut,0,0,0,0,2026-08-06
August'26,CX-Mobile,ati-cxs-PlayerMax-COGWebAPI,"""refs/heads/Releases/25.1.0""",0,2,5,0,2026-08-06
August'26,CX-Mobile,ati-cxs-PlayerMax-COGWebAPI,MukulM/Releases/DigitalWalletDisableSharing,2,1,5,1,2026-08-06
August'26,CX-Mobile,ati-cxs-PlayerMax-COGWebAPI,Releases/24.1.2,2,1,5,1,2026-08-06
August'26,CX-Mobile,ati-cxs-PlayerMax-COGWebAPI,Releases/26.3.0,0,0,0,0,2026-08-06
August'26,CX-Mobile,ati-cxs-PlayerMax-COGWebAPI,"""refs/heads/Releases/24.1.2""",0,0,5,0,2026-08-06
August'26,CX-Mobile,ati-cxs-PlayerMax-COGWebAPI,"""refs/heads/Releases/24.0.1""",0,0,5,0,2026-08-06
August'26,CX-Mobile,ati-cxs-PlayerMax-COGWebAPI,Releases/26.2.0,0,0,0,0,2026-08-06
August'26,CX-Mobile,ati-cxs-PlayerMax-COGWebAPI,"""refs/heads/Releases/24.2.0""",0,4,5,0,2026-08-06
August'26,CX-Mobile,ati-cxs-PlayerMax-COGWebAPI,Dev/MyPlayToNMT,0,0,0,0,2026-08-06
August'26,CX-Mobile,ati-cxs-PlayerMax-COGWebAPI,Dev/26.4.0-cardless-cashless,0,0,1,0,2026-08-06
August'26,CX-Mobile,ati-cxs-PlayerMax-COGWebAPI,Dev/26.2.0-MAM-Enhancement,0,0,1,0,2026-08-06
August'26,CX-Mobile,ati-cxs-PlayerMax-COGWebAPI,"""refs/heads/Releases/24.1.1""",0,0,5,0,2026-08-06
August'26,CX-Mobile,ati-cxs-PlayerMax-COGWebAPI,"""refs/heads/dev/24.2.2-txprivacy""",0,2,5,0,2026-08-06
August'26,CX-Mobile,ati-cxs-PlayerMax-COGWebAPI,"""refs/heads/dev/SelfEnrollment_idverse""",0,4,5,0,2026-08-06
August'26,CX-Mobile,ati-cxs-PlayerMax-COGWebAPI,"""refs/heads/dev/NeutronPhase1""",0,4,7,0,2026-08-06
August'26,CX-Mobile,ati-cxs-PlayerMax-COGWebAPI,"""refs/heads/dev/cloudenablement""",0,4,7,0,2026-08-06
August'26,CX-Mobile,ati-cxs-PlayerMax-COGWebAPI,"""refs/heads/Releases/15.1.0""",0,4,7,0,2026-08-06
August'26,CX-Mobile,ati-cxs-PlayerMax-COGWebAPI,"""refs/heads/dev/24.0.2-Agilysys""",0,4,7,0,2026-08-06
August'26,CX-Mobile,ati-cxs-PlayerMax-COGWebAPI,"""refs/heads/Releases/24.1.0""",0,4,5,0,2026-08-06
August'26,CX-Mobile,ati-cxs-PlayerMax-COGWebAPI,"""refs/heads/Releases/24.0.2""",0,4,5,0,2026-08-06
August'26,CX-Mobile,ati-cxs-PlayerMax-COGWebAPI,"""refs/heads/dev/24.2.1-Agilysys""",0,4,5,0,2026-08-06
August'26,CX-Mobile,ati-cxs-PlayerMax-COGWebAPI,"""refs/heads/dev/24.0.3-txprivacy""",0,4,7,0,2026-08-06
August'26,CX-Mobile,ati-cxs-PlayerMax-COGWebAPI,"""refs/heads/dev/25.0.0-SelfEnrollment""",0,2,5,0,2026-08-06
August'26,CX-Mobile,ati-cxs-PlayerMax-COGWebAPI,"""refs/heads/Releases/24.2.2""",0,2,5,0,2026-08-06
August'26,CX-Mobile,ati-cxs-PlayerMax-COGWebAPI,"""refs/heads/dev/NMTPhase2""",0,2,5,0,2026-08-06
August'26,CX-Mobile,ati-cxs-PlayerMax-COGWebAPI,"""refs/heads/dev/SustainableAustralia""",0,4,5,0,2026-08-06
August'26,CX-Mobile,ati-cxs-PlayerMax-COGWebAPI,"""refs/heads/dev/MobileFoundationPhase1""",0,4,5,0,2026-08-06
August'26,CX-Mobile,ati-cxs-PlayerMax-COGWebAPI,"""refs/heads/Releases/25.0.0""",0,2,5,0,2026-08-06
August'26,CX-Mobile,ati-cxs-PlayerMax-PublisherService,"""refs/heads/Releases/24.1.0""",0,4,4,0,2026-08-06
August'26,CX-Mobile,ati-cxs-PlayerMax-PublisherService,"""refs/heads/Releases/25.1.0""",0,2,4,0,2026-08-06
August'26,CX-Mobile,ati-cxs-PlayerMax-PublisherService,"""refs/heads/dev/MobileFoundationPhase1""",0,4,4,0,2026-08-06
August'26,CX-Mobile,ati-cxs-PlayerMax-PublisherService,enable-sonar-ut,0,0,0,0,2026-08-06
August'26,CX-Mobile,ati-cxs-PlayerMax-PublisherService,"""refs/heads/Releases/24.1.1""",0,0,4,0,2026-08-06
August'26,CX-Mobile,ati-cxs-PlayerMax-PublisherService,Releases/26.3.0,0,0,0,0,2026-08-06
August'26,CX-Mobile,ati-cxs-PlayerMax-PublisherService,"""refs/heads/dev/24.0.2-Agilysys""",0,6,6,0,2026-08-06
August'26,CX-Mobile,ati-cxs-PlayerMax-PublisherService,"""refs/heads/dev/24.2.1-Agilysys""",0,4,4,0,2026-08-06
August'26,CX-Mobile,ati-cxs-PlayerMax-PublisherService,"""refs/heads/dev/24.0.3-txprivacy""",0,6,6,0,2026-08-06
August'26,CX-Mobile,ati-cxs-PlayerMax-PublisherService,"""refs/heads/dev/24.2.2-txprivacy""",0,2,4,0,2026-08-06
August'26,CX-Mobile,ati-cxs-PlayerMax-PublisherService,"""refs/heads/dev/25.0.0-SelfEnrollment""",0,2,4,0,2026-08-06
August'26,CX-Mobile,ati-cxs-PlayerMax-PublisherService,"""refs/heads/Releases/24.0.1""",0,0,4,0,2026-08-06
August'26,CX-Mobile,ati-cxs-PlayerMax-PublisherService,"""refs/heads/Releases/24.2.0""",0,4,4,0,2026-08-06
August'26,CX-Mobile,ati-cxs-PlayerMax-PublisherService,"""refs/heads/Releases/24.0.2""",0,4,4,0,2026-08-06
August'26,CX-Mobile,ati-cxs-PlayerMax-PublisherService,Releases/26.2.0,0,0,0,0,2026-08-06
August'26,CX-Mobile,ati-cxs-PlayerMax-PublisherService,"""refs/heads/Releases/24.1.2""",0,0,4,0,2026-08-06
August'26,CX-Mobile,ati-cxs-PlayerMax-PublisherService,Dev/MyPlayToNMT,0,0,0,0,2026-08-06
August'26,CX-Mobile,ati-cxs-PlayerMax-PublisherService,Dev/26.2.0-MAM-Enhancement,0,1,0,0,2026-08-06
August'26,CX-Mobile,ati-cxs-PlayerMax-PublisherService,"""refs/heads/dev/SelfEnrollment_idverse""",0,4,4,0,2026-08-06
August'26,CX-Mobile,ati-cxs-PlayerMax-PublisherService,"""refs/heads/dev/NeutronPhase1""",0,6,6,0,2026-08-06
August'26,CX-Mobile,ati-cxs-PlayerMax-PublisherService,"""refs/heads/dev/cloudenablement""",0,6,6,0,2026-08-06
August'26,CX-Mobile,ati-cxs-PlayerMax-PublisherService,"""refs/heads/dev/SustainableAustralia""",0,6,4,0,2026-08-06
August'26,CX-Mobile,ati-cxs-PlayerMax-PublisherService,"""refs/heads/Releases/15.1.0""",0,6,6,0,2026-08-06
August'26,CX-Mobile,ati-cxs-PlayerMax-PublisherService,"""refs/heads/Releases/24.2.2""",0,2,4,0,2026-08-06
August'26,CX-Mobile,ati-cxs-PlayerMax-PublisherService,"""refs/heads/dev/NMTPhase2""",0,2,4,0,2026-08-06
August'26,CX-Mobile,ati-cxs-PlayerMax-PublisherService,"""refs/heads/Releases/25.0.0""",0,2,4,0,2026-08-06
August'26,CX-Mobile,ati-cxs-PlayerMaxService-ATI.MigrateUser,"""refs/heads/Releases/25.1.0""",0,0,0,0,2026-08-06
August'26,CX-Mobile,ati-cxs-PlayerMaxService-ATI.MigrateUser,"""refs/heads/dev/24.0.3-txprivacy""",0,4,0,0,2026-08-06
August'26,CX-Mobile,ati-cxs-PlayerMaxService-ATI.MigrateUser,Releases/26.3.0,0,0,0,0,2026-08-06
August'26,CX-Mobile,ati-cxs-PlayerMaxService-ATI.MigrateUser,Releases/26.2.0,0,0,0,0,2026-08-06
August'26,CX-Mobile,ati-cxs-PlayerMaxService-ATI.MigrateUser,"""refs/heads/dev/24.1.2-Digital-Card""",0,0,0,0,2026-08-06
August'26,CX-Mobile,ati-cxs-PlayerMaxService-ATI.MigrateUser,"""refs/heads/dev/SelfEnrollment_idverse""",0,4,0,0,2026-08-06
August'26,CX-Mobile,ati-cxs-PlayerMaxService-ATI.MigrateUser,enable-sonar-ut,0,1,0,0,2026-08-06
August'26,CX-Mobile,ati-cxs-PlayerMaxService-ATI.MigrateUser,"""refs/heads/dev/24.2.2-txprivacy""",0,0,0,0,2026-08-06
August'26,CX-Mobile,ati-cxs-PlayerMaxService-ATI.MigrateUser,Dev/MyPlayToNMT,0,0,0,0,2026-08-06
August'26,CX-Mobile,ati-cxs-PlayerMaxService-ATI.MigrateUser,Dev/26.2.0-MAM-Enhancement,0,1,0,0,2026-08-06
August'26,CX-Mobile,ati-cxs-PlayerMaxService-ATI.MigrateUser,"""refs/heads/dev/cloudenablement""",0,4,1,0,2026-08-06
August'26,CX-Mobile,ati-cxs-PlayerMaxService-ATI.MigrateUser,"""refs/heads/dev/SustainableAustralia""",0,4,1,0,2026-08-06
August'26,CX-Mobile,ati-cxs-PlayerMaxService-ATI.MigrateUser,"""refs/heads/dev/NeutronPhase1""",0,4,1,0,2026-08-06
August'26,CX-Mobile,ati-cxs-PlayerMaxService-ATI.MigrateUser,"""refs/heads/Releases/15.1.0""",0,4,1,0,2026-08-06
August'26,CX-Mobile,ati-cxs-PlayerMaxService-ATI.MigrateUser,"""refs/heads/dev/24.2.1-Agilysys""",0,4,0,0,2026-08-06
August'26,CX-Mobile,ati-cxs-PlayerMaxService-ATI.MigrateUser,"""refs/heads/Releases/24.2.0""",0,4,0,0,2026-08-06
August'26,CX-Mobile,ati-cxs-PlayerMaxService-ATI.MigrateUser,"""refs/heads/dev/24.0.2-Agilysys""",0,4,1,0,2026-08-06
August'26,CX-Mobile,ati-cxs-PlayerMaxService-ATI.MigrateUser,"""refs/heads/Releases/24.0.1""",0,0,0,0,2026-08-06
August'26,CX-Mobile,ati-cxs-PlayerMaxService-ATI.MigrateUser,"""refs/heads/Releases/24.0.2""",0,4,0,0,2026-08-06
August'26,CX-Mobile,ati-cxs-PlayerMaxService-ATI.MigrateUser,"""refs/heads/Releases/24.2.2""",0,0,0,0,2026-08-06
August'26,CX-Mobile,ati-cxs-PlayerMaxService-ATI.MigrateUser,"""refs/heads/Releases/24.1.0""",0,4,0,0,2026-08-06
August'26,CX-Mobile,ati-cxs-PlayerMaxService-ATI.MigrateUser,"""refs/heads/dev/25.0.0-SelfEnrollment""",0,0,0,0,2026-08-06
August'26,CX-Mobile,ati-cxs-PlayerMaxService-ATI.MigrateUser,"""refs/heads/dev/NMTPhase2""",0,0,0,0,2026-08-06
August'26,CX-Mobile,ati-cxs-PlayerMaxService-ATI.MigrateUser,"""refs/heads/dev/MobileFoundationPhase1""",0,4,0,0,2026-08-06
August'26,CX-Mobile,ati-cxs-PlayerMaxService-ATI.MigrateUser,"""refs/heads/Releases/25.0.0""",0,0,0,0,2026-08-06
August'26,CX-Mobile,ati-cxs-PlayerMaxService-ATI.MigrateUser,"""refs/heads/dev/UNIMAMGaps""",0,4,1,0,2026-08-06
August'26,CX-Mobile,ati-cxs-Playermax-Administrator,refs/heads/Releases/15.1.0,0,1,0,0,2026-08-06
August'26,CX-Mobile,ati-cxs-Playermax-Administrator,refs/heads/dev/24.0.2-Agilysys,0,1,0,0,2026-08-06
August'26,CX-Mobile,ati-cxs-Playermax-Administrator,refs/heads/dev/24.2.1-Agilysys,0,0,0,0,2026-08-06
August'26,CX-Mobile,ati-cxs-Playermax-Administrator,refs/heads/Releases/24.0.2,0,0,0,0,2026-08-06
August'26,CX-Mobile,ati-cxs-Playermax-Administrator,refs/heads/dev/NMTPhase2,0,0,0,0,2026-08-06
August'26,CX-Mobile,ati-cxs-Playermax-Administrator,refs/heads/Releases/25.1.0,0,0,0,0,2026-08-06
August'26,CX-Mobile,ati-cxs-Playermax-Administrator,refs/heads/Releases/24.2.0,0,0,0,0,2026-08-06
August'26,CX-Mobile,ati-cxs-Playermax-Administrator,refs/heads/Releases/25.0.0,0,0,0,0,2026-08-06
August'26,CX-Mobile,ati-cxs-Playermax-Administrator,refs/heads/dev/25.0.0-SelfEnrollment,0,0,0,0,2026-08-06
August'26,CX-Mobile,ati-cxs-Playermax-Administrator,refs/heads/dev/24.0.3-txprivacy,0,1,0,0,2026-08-06
August'26,CX-Mobile,ati-cxs-Playermax-Administrator,refs/heads/dev/24.2.2-txprivacy,0,0,0,0,2026-08-06
August'26,CX-Mobile,ati-cxs-Playermax-Administrator,Dev/26.2.0-MAM-Enhancement,0,1,0,0,2026-08-06
August'26,CX-Mobile,ati-cxs-Playermax-Administrator,refs/heads/dev/MobileFoundationPhase1,0,0,0,0,2026-08-06
August'26,CX-Mobile,ati-cxs-Playermax-Administrator,refs/heads/Releases/24.2.2,0,0,0,0,2026-08-06
August'26,CX-Mobile,ati-cxs-Playermax-Administrator,refs/heads/dev/SelfEnrollment_idverse,0,1,0,0,2026-08-06
August'26,CX-Mobile,ati-cxs-Playermax-Administrator,refs/heads/dev/UNIMAMGaps,0,1,0,0,2026-08-06
August'26,CX-Mobile,ati-cxs-Playermax-Administrator,refs/heads/dev/NeutronPhase1,0,1,0,0,2026-08-06
August'26,CX-Mobile,ati-cxs-Playermax-Administrator,refs/heads/Releases/24.1.0,0,0,0,0,2026-08-06
August'26,CX-Mobile,ati-cxs-Playermax-Administrator,refs/heads/Releases/24.1.2,0,0,0,0,2026-08-06
August'26,CX-Mobile,ati-cxs-Playermax-Administrator,Releases/26.3.0,0,0,0,0,2026-08-06
August'26,CX-Mobile,ati-cxs-Playermax-Administrator,enable-sonar-ut,0,1,0,0,2026-08-06
August'26,CX-Mobile,ati-cxs-Playermax-Administrator,refs/heads/Releases/24.1.1,0,0,0,0,2026-08-06
August'26,CX-Mobile,ati-cxs-Playermax-Administrator,refs/heads/Releases/24.0.1,0,0,0,0,2026-08-06
August'26,CX-Mobile,ati-cxs-Playermax-Administrator,Releases/26.2.0,0,0,0,0,2026-08-06
August'26,CX-Mobile,ati-cxs-Playermax-Administrator,refs/heads/dev/SustainableAustralia,0,1,0,0,2026-08-06
August'26,CX-Mobile,ati-cxs-Playermax-Administrator,refs/heads/dev/cloudenablement,0,1,0,0,2026-08-06
August'26,CX-Mobile,ati-cxs-Playermax-Administrator,Dev/MyPlayToNMT,0,0,0,0,2026-08-06
August'26,CX-Mobile,ati-cxs-Playermax-CasinoService,"""refs/heads/Releases/24.2.0""",0,4,4,0,2026-08-06
August'26,CX-Mobile,ati-cxs-Playermax-CasinoService,"""refs/heads/Releases/24.1.1""",0,1,4,0,2026-08-06
August'26,CX-Mobile,ati-cxs-Playermax-CasinoService,enable-sonar-ut,0,0,0,0,2026-08-06
August'26,CX-Mobile,ati-cxs-Playermax-CasinoService,Releases/24.1.2,10,2,4,1,2026-08-06
August'26,CX-Mobile,ati-cxs-Playermax-CasinoService,Releases/26.3.0,0,0,0,0,2026-08-06
August'26,CX-Mobile,ati-cxs-Playermax-CasinoService,"""refs/heads/Releases/24.0.1""",0,1,4,0,2026-08-06
August'26,CX-Mobile,ati-cxs-Playermax-CasinoService,"""refs/heads/dev/24.1.2-Digital-Card""",0,1,4,0,2026-08-06
August'26,CX-Mobile,ati-cxs-Playermax-CasinoService,"""refs/heads/dev/MobileFoundationPhase1""",0,4,4,0,2026-08-06
August'26,CX-Mobile,ati-cxs-Playermax-CasinoService,"""refs/heads/dev/24.2.1-Agilysys""",0,4,4,0,2026-08-06
August'26,CX-Mobile,ati-cxs-Playermax-CasinoService,Dev/MyPlayToNMT,0,0,0,0,2026-08-06
August'26,CX-Mobile,ati-cxs-Playermax-CasinoService,Releases/26.2.0,0,0,0,0,2026-08-06
August'26,CX-Mobile,ati-cxs-Playermax-CasinoService,"""refs/heads/Releases/24.1.2""",0,1,4,0,2026-08-06
August'26,CX-Mobile,ati-cxs-Playermax-CasinoService,Dev/26.2.0-MAM-Enhancement,0,0,0,0,2026-08-06
August'26,CX-Mobile,ati-cxs-Playermax-CasinoService,"""refs/heads/dev/cloudenablement""",0,9,7,0,2026-08-06
August'26,CX-Mobile,ati-cxs-Playermax-CasinoService,"""refs/heads/Releases/15.1.0""",0,9,7,0,2026-08-06
August'26,CX-Mobile,ati-cxs-Playermax-CasinoService,"""refs/heads/dev/SustainableAustralia""",0,9,5,0,2026-08-06
August'26,CX-Mobile,ati-cxs-Playermax-CasinoService,"""refs/heads/dev/NeutronPhase1""",0,9,7,0,2026-08-06
August'26,CX-Mobile,ati-cxs-Playermax-CasinoService,"""refs/heads/Releases/24.1.0""",0,4,4,0,2026-08-06
August'26,CX-Mobile,ati-cxs-Playermax-CasinoService,"""refs/heads/dev/24.0.2-Agilysys""",0,9,7,0,2026-08-06
August'26,CX-Mobile,ati-cxs-Playermax-CasinoService,"""refs/heads/Releases/24.0.2""",0,4,4,0,2026-08-06
August'26,CX-Mobile,ati-cxs-Playermax-CasinoService,"""refs/heads/dev/SelfEnrollment_idverse""",0,4,4,0,2026-08-06
August'26,CX-Mobile,ati-cxs-Playermax-MobileWebAdmin,"""refs/heads/Releases/24.1.0""",0,4,0,0,2026-08-06
August'26,CX-Mobile,ati-cxs-Playermax-MobileWebAdmin,"""refs/heads/Releases/25.1.0""",0,4,0,0,2026-08-06
August'26,CX-Mobile,ati-cxs-Playermax-MobileWebAdmin,"""refs/heads/dev/cloudenablement""",3,4,1,0,2026-08-06
August'26,CX-Mobile,ati-cxs-Playermax-MobileWebAdmin,enable-sonar-ut,0,0,0,0,2026-08-06
August'26,CX-Mobile,ati-cxs-Playermax-MobileWebAdmin,"""refs/heads/Releases/24.1.2""",0,0,0,0,2026-08-06
August'26,CX-Mobile,ati-cxs-Playermax-MobileWebAdmin,Releases/26.3.0,0,0,0,0,2026-08-06
August'26,CX-Mobile,ati-cxs-Playermax-MobileWebAdmin,"""refs/heads/Releases/24.0.1""",0,0,0,0,2026-08-06
August'26,CX-Mobile,ati-cxs-Playermax-MobileWebAdmin,"""refs/heads/dev/UNIMAMGaps""",3,4,1,0,2026-08-06
August'26,CX-Mobile,ati-cxs-Playermax-MobileWebAdmin,Dev/26.2.0-MAM-Enhancement,0,2,1,0,2026-08-06
August'26,CX-Mobile,ati-cxs-Playermax-MobileWebAdmin,Releases/26.2.0,0,0,0,0,2026-08-06
August'26,CX-Mobile,ati-cxs-Playermax-MobileWebAdmin,Dev/MyPlayToNMT,0,0,0,0,2026-08-06
August'26,CX-Mobile,ati-cxs-Playermax-MobileWebAdmin,"""refs/heads/dev/SelfEnrollment_idverse""",3,4,1,0,2026-08-06
August'26,CX-Mobile,ati-cxs-Playermax-MobileWebAdmin,Releases/24.1.2,0,1,1,1,2026-08-06
August'26,CX-Mobile,ati-cxs-Playermax-MobileWebAdmin,"""refs/heads/Releases/15.1.0""",3,4,1,0,2026-08-06
August'26,CX-Mobile,ati-cxs-Playermax-MobileWebAdmin,"""refs/heads/dev/24.2.2-txprivacy""",3,4,1,0,2026-08-06
August'26,CX-Mobile,ati-cxs-Playermax-MobileWebAdmin,"""refs/heads/dev/24.0.3-txprivacy""",3,4,1,0,2026-08-06
August'26,CX-Mobile,ati-cxs-Playermax-MobileWebAdmin,"""refs/heads/dev/24.2.1-Agilysys""",3,4,1,0,2026-08-06
August'26,CX-Mobile,ati-cxs-Playermax-MobileWebAdmin,"""refs/heads/dev/MobileFoundationPhase1""",3,4,1,0,2026-08-06
August'26,CX-Mobile,ati-cxs-Playermax-MobileWebAdmin,"""refs/heads/dev/NeutronPhase1""",3,4,1,0,2026-08-06
August'26,CX-Mobile,ati-cxs-Playermax-MobileWebAdmin,"""refs/heads/dev/24.0.2-Agilysys""",3,4,1,0,2026-08-06
August'26,CX-Mobile,ati-cxs-Playermax-MobileWebAdmin,"""refs/heads/dev/25.0.0-SelfEnrollment""",0,4,0,0,2026-08-06
August'26,CX-Mobile,ati-cxs-Playermax-MobileWebAdmin,"""refs/heads/dev/NMTPhase2""",0,4,0,0,2026-08-06
August'26,CX-Mobile,ati-cxs-Playermax-MobileWebAdmin,"""refs/heads/Releases/24.2.2""",0,4,0,0,2026-08-06
August'26,CX-Mobile,ati-cxs-Playermax-MobileWebAdmin,"""refs/heads/Releases/24.2.0""",0,4,0,0,2026-08-06
August'26,CX-Mobile,ati-cxs-Playermax-MobileWebAdmin,"""refs/heads/Releases/24.0.2""",0,4,0,0,2026-08-06
August'26,CX-Mobile,ati-cxs-Playermax-MobileWebAdmin,"""refs/heads/dev/SustainableAustralia""",3,4,1,0,2026-08-06
August'26,CX-Mobile,ati-cxs-Playermax-MobileWebAdmin,"""refs/heads/Releases/25.0.0""",0,4,0,0,2026-08-06
August'26,CX-Mobile,ati-cxs-Playermax-PlayerMaxApp,Dev/MyPlayToNMT,0,0,0,0,2026-08-06
August'26,CX-Mobile,ati-cxs-Playermax-PlayerMaxApp,Dev/26.2.0-MAM-Enhancement,0,0,0,0,2026-08-06
August'26,CX-Mobile,ati-cxs-Playermax-PlayerMaxApp,refs/heads/Releases/24.1.1,0,0,0,0,2026-08-06
August'26,CX-Mobile,ati-cxs-Playermax-PlayerMaxApp,refs/heads/Releases/24.0.2,0,0,0,0,2026-08-06
August'26,CX-Mobile,ati-cxs-Playermax-PlayerMaxApp,refs/heads/Releases/25.0.0,0,0,0,0,2026-08-06
August'26,CX-Mobile,ati-cxs-Playermax-PlayerMaxApp,Releases/26.1.0,0,0,0,0,2026-08-06
August'26,CX-Mobile,ati-cxs-Playermax-PlayerMaxApp,refs/heads/Releases/24.1.2,0,0,0,0,2026-08-06
August'26,CX-Mobile,ati-cxs-Playermax-PlayerMaxApp,n104757/testmigration,0,0,0,0,2026-08-06
August'26,CX-Mobile,ati-cxs-Playermax-PlayerMaxApp,refs/heads/Releases/15.1,0,0,0,0,2026-08-06
August'26,CX-Mobile,ati-cxs-Playermax-PlayerMaxApp,Releases/26.3.0,0,0,0,0,2026-08-06
August'26,CX-Mobile,ati-cxs-Playermax-PlayerMaxApp,refs/heads/Releases/24.0.1,0,0,0,0,2026-08-06
August'26,CX-Mobile,ati-cxs-Playermax-PlayerMaxApp,Dev/26.4.0-cardless-cashless,0,0,0,0,2026-08-06
August'26,CX-Mobile,ati-cxs-Playermax-PlayerMaxApp,nm106775test2620build,0,0,0,0,2026-08-06
August'26,CX-Mobile,ati-cxs-Playermax-PlayerMaxApp,Releases/26.2.0,0,0,0,0,2026-08-06
August'26,CX-Mobile,ati-cxs-Playermax-PlayerMaxApp,refs/heads/Releases/24.2,0,0,0,0,2026-08-06
August'26,CX-Mobile,ati-cxs-Playermax-PlayerMaxApp,refs/heads/Dev/24.2.2-txprivacy,0,0,0,0,2026-08-06
August'26,CX-Mobile,ati-cxs-Playermax-PlayerMaxApp,refs/heads/dev/SelfEnrollment_idverse,0,0,0,0,2026-08-06
August'26,CX-Mobile,ati-cxs-Playermax-PlayerMaxApp,refs/heads/Releases/24.2.2,0,0,0,0,2026-08-06
August'26,CX-Mobile,ati-cxs-Playermax-PlayerMaxApp,refs/heads/Dev/25.0.0-SelfEnrollment,0,0,0,0,2026-08-06
August'26,CX-Mobile,ati-cxs-Playermax-PlayerMaxApp,refs/heads/Dev/NMTPhase2,0,0,0,0,2026-08-06
August'26,CX-Mobile,ati-cxs-Playermax-PlayerMaxApp,refs/heads/dev/NeutronPhase1,0,0,0,0,2026-08-06
August'26,CX-Mobile,ati-cxs-Playermax-PlayerMaxApp,refs/heads/Releases/25.1.0,0,0,0,0,2026-08-06
August'26,CX-Mobile,ati-cxs-Playermax-PlayerMaxApp,refs/heads/dev/UNIMAMGaps,0,0,0,0,2026-08-06
August'26,CX-Mobile,ati-cxs-Playermax-PlayerMaxApp,refs/heads/Dev/24.0.2-Agilysys,0,0,0,0,2026-08-06
August'26,CX-Mobile,ati-cxs-Playermax-PlayerMaxApp,refs/heads/Dev/24.0.3-txprivacy,0,0,0,0,2026-08-06
August'26,CX-Mobile,ati-cxs-Playermax-PlayerMaxApp,refs/heads/Dev/24.2.1-Agilysys,0,0,0,0,2026-08-06
August'26,CX-Mobile,ati-cxs-Playermax-PlayerMaxApp,refs/heads/dev/MobileFoundationPhase1,0,0,0,0,2026-08-06
August'26,CX-Mobile,ati-cxs-Playermax-PlayerMaxApp,refs/heads/Releases/24.1,0,0,0,0,2026-08-06
August'26,CX-Mobile,ati-cxs-mobile-walletapp,main,0,0,0,0,2026-08-06
August'26,CX-Mobile,ati-cxs-mobile-walletapp,jaswant/26.4.0-cardless-cashless/sonar_issues,0,0,0,0,2026-08-06
August'26,CX-Mobile,ati-cxs-mobile-walletapp,Releases/26.3.0,0,0,0,0,2026-08-06
August'26,CX-Mobile,ati-cxs-mobile-walletapp,Dev/26.0.0-markertrax,0,0,0,0,2026-08-06
August'26,CX-Mobile,ati-cxs-mobile-walletapp,Dev/26.4.0-cardless-cashless,0,0,0,0,2026-08-06
August'26,CX-Mobile,ati-cxs-mobile-walletapp,Dev/26.3.0-markertrax-ext,0,0,0,0,2026-08-06
August'26,CX-Mobile,ati-cxs-mobility-mobileconnect-app,main,0,0,0,0,2026-08-06
August'26,CX-Mobile,ati-cxs-mobility-mobileconnect-app,Dev/26.0.0-markertrax,0,0,0,0,2026-08-06
August'26,CX-Mobile,ati-cxs-mobility-mobileconnect-app,Releases/26.3.0,0,0,0,0,2026-08-06
August'26,CX-Mobile,ati-cxs-mobility-mobileconnect-app,Dev/26.4.0-cardless-cashless,0,0,0,0,2026-08-06
August'26,CX-Mobile,ati-cxs-mobility-mobileconnect-table,main,0,0,0,0,2026-08-06
August'26,CX-Mobile,ati-cxs-mobility-mobileconnect-table,Releases/26.3.0,0,0,0,0,2026-08-06
August'26,CX-Mobile,ati-cxs-mobility-mobileconnect-table,Dev/26.4.0-cardless-cashless,0,0,0,0,2026-08-06
August'26,EX-Mobile,ati-cxs-Mobility-EnrollMixApps,main,0,0,0,0,2026-08-06
August'26,EX-Mobile,ati-cxs-Mobility-PlayerDevices-Service,nm106775/migration,0,0,0,0,2026-08-06
August'26,EX-Mobile,ati-cxs-Mobility-PlayerDevices-Service,Releases/26.3.0,0,0,0,0,2026-08-06
August'26,EX-Mobile,ati-cxs-Mobility-PlayerDevices-Service,Dev/26.4.0-cardless-cashless,0,0,0,0,2026-08-06
August'26,EX-Mobile,ati-cxs-Mobility-PlayerDevices-Service,"""refs/heads/Releases/15.2.0""",0,0,0,0,2026-08-06
August'26,EX-Mobile,ati-cxs-Mobility-PlayerDevices-Service,"""refs/heads/Dev/SonarQubeSecurityFixes""",0,0,0,0,2026-08-06
August'26,EX-Mobile,ati-cxs-Ordering-Service-DOT,main,0,0,0,0,2026-08-06
August'26,EX-Mobile,ati-cxs-PlayerActivityStmt-App,main,0,0,0,0,2026-08-06
August'26,EX-Mobile,ati-cxs-PlayerActivityStmt-Service,"""refs/heads/Releases/2.0.2""",0,0,0,0,2026-08-06
August'26,EX-Mobile,ati-cxs-PlayerActivityStmt-Service,"""refs/heads/Releases/2.0.3""",0,0,0,0,2026-08-06
August'26,EX-Mobile,ati-cxs-PlayerActivityStmt-Service,"""refs/heads/Releases/2.0.1""",0,0,0,0,2026-08-06
August'26,EX-Mobile,ati-cxs-Playermax-HMS.WhiteListUploadHandler,enable-sonar-ut,0,0,0,0,2026-08-06
August'26,EX-Mobile,ati-cxs-Playermax-HMS.WhiteListUploadHandler,Releases/26.3.0,0,0,0,0,2026-08-06
August'26,EX-Mobile,ati-cxs-Playermax-HMS.WhiteListUploadHandler,Releases/26.2.0,0,0,0,0,2026-08-06
August'26,EX-Mobile,ati-cxs-Playermax-HMS.WhiteListUploadHandler,Dev/MyPlayToNMT,0,0,0,0,2026-08-06
August'26,EX-Mobile,ati-cxs-Playermax-HMS.WhiteListUploadHandler,Dev/26.2.0-MAM-Enhancement,0,1,0,0,2026-08-06
August'26,EX-Mobile,ati-cxs-Playermax-ReusableCompLibrary,Dev/26.3.0-markertrax-ext,0,0,0,0,2026-08-06
August'26,EX-Mobile,ati-cxs-Playermax-ReusableCompLibrary,main,0,0,0,0,2026-08-06
August'26,EX-Mobile,ati-cxs-Playermax-Transcoder,enable-sonar-ut,0,0,0,0,2026-08-06
August'26,EX-Mobile,ati-cxs-Playermax-Transcoder,Releases/26.3.0,0,0,0,0,2026-08-06
August'26,EX-Mobile,ati-cxs-Playermax-Transcoder,Releases/26.2.0,0,0,0,0,2026-08-06
August'26,EX-Mobile,ati-cxs-Playermax-Transcoder,Dev/MyPlayToNMT,0,0,0,0,2026-08-06
August'26,EX-Mobile,ati-cxs-Playermax-Transcoder,Dev/26.2.0-MAM-Enhancement,0,1,0,0,2026-08-06
August'26,EX-Mobile,ati-cxs-SelfExclusion-App,Dev/MyPlayToNMT,0,0,0,0,2026-08-06
August'26,EX-Mobile,ati-cxs-SelfExclusion-Service,"""refs/heads/Releases/2.0.2""",0,0,0,0,2026-08-06
August'26,EX-Mobile,ati-cxs-ex-FloorFocus-App,Dev/Modernize-EX-Mobile,0,0,0,0,2026-08-06
August'26,EX-Mobile,ati-cxs-ex-TaskService,main,0,0,0,0,2026-08-06
August'26,EX-Mobile,ati-cxs-mobility-Oasis360,Releases/25.0.0,0,0,0,0,2026-08-06
August'26,Oasis,MMMP_APAC,main,0,0,0,0,2026-08-06
August'26,Oasis,ati-cxs-Dynamic-Listener-Service,"""refs/heads/Releases/2.0.1""",0,0,0,0,2026-08-06
August'26,Oasis,ati-cxs-Dynamic-Messaging-Service,"""refs/heads/Releases/2.0.1""",0,0,0,0,2026-08-06
August'26,Oasis,ati-cxs-Floor-Service,main,0,0,0,0,2026-08-06
August'26,Oasis,ati-cxs-FloorService,main,0,0,0,0,2026-08-06
August'26,Oasis,ati-cxs-GPMS-WebAPI,"""refs/heads/Releases/1.0.2""",0,0,0,0,2026-08-06
August'26,Oasis,ati-cxs-GPMS-WebAPI,"""refs/heads/Releases/1.0.3""",0,0,0,0,2026-08-06
August'26,Oasis,ati-cxs-Gaming.Wallet-MobileClassII,main,0,0,0,0,2026-08-06
August'26,Oasis,ati-cxs-Gaming.WalletProcessor-MobileClassII,main,0,0,0,0,2026-08-06
August'26,Oasis,ati-cxs-Gaming.WalletStateService-MobileClassII,main,0,0,0,0,2026-08-06
August'26,Oasis,ati-cxs-OasisCore-AppConfigurationManager,Releases/12.14.1140,0,2,2,0,2026-08-06
August'26,Oasis,ati-cxs-OasisCore-Bingo,main,4,10,7,0,2026-08-06
August'26,Oasis,ati-cxs-OasisCore-ConfigurationService,"""refs/pull/58830/merge""",0,0,1,0,2026-08-06
August'26,Oasis,ati-cxs-OasisCore-ConfigurationService,"""refs/heads/Releases/3.0.0""",0,0,0,0,2026-08-06
August'26,Oasis,ati-cxs-OasisCore-ConfigurationService,"""refs/heads/Releases/3.1.0""",1,0,1,2,2026-08-06
August'26,Oasis,ati-cxs-OasisCore-DV-Oasis15-1-SecurityService,main,0,1,0,0,2026-08-06
August'26,Oasis,ati-cxs-OasisCore-DV-Oasis15-1-SurveillanceMonitor,main,4,5,7,0,2026-08-06
August'26,Oasis,ati-cxs-OasisCore-DV-Oasis16-0-Administrator,main,1,2,4,0,2026-08-06
August'26,Oasis,ati-cxs-OasisCore-DV-Oasis16-0-BlackBart,main,0,16,7,0,2026-08-06
August'26,Oasis,ati-cxs-OasisCore-DV-Oasis16-0-FloorLogix,main,0,0,0,0,2026-08-06
August'26,Oasis,ati-cxs-OasisCore-DV-Oasis16-0-JackpotFill,main,0,0,0,0,2026-08-06
August'26,Oasis,ati-cxs-OasisCore-DV-Oasis16-0-MarketingManager,main,1,5,7,0,2026-08-06
August'26,Oasis,ati-cxs-OasisCore-DV-Oasis16-0-PitBOSS,main,1,13,8,0,2026-08-06
August'26,Oasis,ati-cxs-OasisCore-DV-Oasis16-0-SuperPlaymate,main,1,11,8,0,2026-08-06
August'26,Oasis,ati-cxs-OasisCore-EncryptionandConversionManager,master,0,1,1,0,2026-08-06
August'26,Oasis,ati-cxs-OasisCore-FloorApi-Service,"""refs/heads/Dev/Oasis15.3""",0,0,0,0,2026-08-06
August'26,Oasis,ati-cxs-OasisCore-FloorApi-Service,Patch/15.2.4,0,0,0,0,2026-08-06
August'26,Oasis,ati-cxs-OasisCore-FloorApi-Service,Releases/15.2.0,0,0,0,0,2026-08-06
August'26,Oasis,ati-cxs-OasisCore-FloorApi-Service,$(SonarBranchName),0,0,0,0,2026-08-06
August'26,Oasis,ati-cxs-OasisCore-FloorApi-Service,"""refs/heads/Releases/15.2.0""",0,0,0,0,2026-08-06
August'26,Oasis,ati-cxs-OasisCore-FloorApi-Service,"""refs/heads/Patch/15.2.4""",0,0,0,0,2026-08-06
August'26,Oasis,ati-cxs-OasisCore-FloorApi-Service,master,0,0,0,0,2026-08-06
August'26,Oasis,ati-cxs-OasisCore-FloorApi-Service,"""""",0,0,0,0,2026-08-06
August'26,Oasis,ati-cxs-OasisCore-FloorLogix,master,4,25,9,0,2026-08-06
August'26,Oasis,ati-cxs-OasisCore-FloorLogix,Patch/15.2.5,4,25,9,0,2026-08-06
August'26,Oasis,ati-cxs-OasisCore-FloorLogix,Releases/12.14.1140,1,25,9,0,2026-08-06
August'26,Oasis,ati-cxs-OasisCore-JackpotFill-BFF,main,0,0,0,0,2026-08-06
August'26,Oasis,ati-cxs-OasisCore-JackpotService,master,0,0,0,0,2026-08-06
August'26,Oasis,ati-cxs-OasisCore-Launcher.Service,"""refs/heads/Releases/1.0.0""",1,0,0,0,2026-08-06
August'26,Oasis,ati-cxs-OasisCore-Launcher.UI,refs/heads/Releases/1.0.0,0,0,0,0,2026-08-06
August'26,Oasis,ati-cxs-OasisCore-Licensing.AdministratorService,main,0,0,0,0,2026-08-06
August'26,Oasis,ati-cxs-OasisCore-Licensing.AdministratorUI,main,0,0,0,0,2026-08-06
August'26,Oasis,ati-cxs-OasisCore-Licensing.Importer.UI,main,0,0,0,0,2026-08-06
August'26,Oasis,ati-cxs-OasisCore-Licensing.ImporterService,main,0,0,0,0,2026-08-06
August'26,Oasis,ati-cxs-OasisCore-MRDV-Oasis15-0MR-SurveillanceMonitor,main,4,5,7,0,2026-08-06
August'26,Oasis,ati-cxs-OasisCore-ManagementApp,"""refs/pull/58831/merge""",0,0,0,0,2026-08-06
August'26,Oasis,ati-cxs-OasisCore-ManagementApp,"""refs/heads/Releases/3.1.0""",1,0,0,0,2026-08-06
August'26,Oasis,ati-cxs-OasisCore-ManagementApp,"""refs/heads/Releases/3.0.0""",1,0,0,0,2026-08-06
August'26,Oasis,ati-cxs-OasisCore-ManagementUI,refs/pull/58832/merge,0,0,0,0,2026-08-06
August'26,Oasis,ati-cxs-OasisCore-ManagementUI,refs/heads/Releases/3.0.0,0,0,0,0,2026-08-06
August'26,Oasis,ati-cxs-OasisCore-ManagementUI,refs/heads/Releases/3.1.0,0,0,0,0,2026-08-06
August'26,Oasis,ati-cxs-OasisCore-MarketingService,Dev/Oasis15.3,0,0,0,0,2026-08-06
August'26,Oasis,ati-cxs-OasisCore-MessageRelayService,15.3,0,0,0,0,2026-08-06
August'26,Oasis,ati-cxs-OasisCore-Meter-Service,"""refs/heads/Dev/Oasis15.3""",0,0,0,0,2026-08-06
August'26,Oasis,ati-cxs-OasisCore-Meter-Service,Patch/15.2.4,0,0,0,0,2026-08-06
August'26,Oasis,ati-cxs-OasisCore-Meter-Service,Releases/15.2.0,0,0,0,0,2026-08-06
August'26,Oasis,ati-cxs-OasisCore-Meter-Service,"""refs/heads/Releases/15.2.0""",0,0,0,0,2026-08-06
August'26,Oasis,ati-cxs-OasisCore-Meter-Service,"""refs/heads/Patch/15.2.4""",0,0,0,0,2026-08-06
August'26,Oasis,ati-cxs-OasisCore-Meter-Service,master,0,0,0,0,2026-08-06
August'26,Oasis,ati-cxs-OasisCore-Meter-Service,"""""",0,0,0,0,2026-08-06
August'26,Oasis,ati-cxs-OasisCore-NewOasis,main,0,0,0,0,2026-08-06
August'26,Oasis,ati-cxs-OasisCore-Oasis-nConnect,Patch/15.2.15,2,1,4,0,2026-08-06
August'26,Oasis,ati-cxs-OasisCore-OasisWildwoodCasino-MRDV-FloorLogix,main,1,25,9,0,2026-08-06
August'26,Oasis,ati-cxs-OasisCore-OasisWildwoodCasino-RL-FloorLogix,main,1,25,9,0,2026-08-06
August'26,Oasis,ati-cxs-OasisCore-PT-Oasis15-2-4-Administrator,main,4,7,4,0,2026-08-06
August'26,Oasis,ati-cxs-OasisCore-PT-Oasis15-2-4-BlackBart,main,3,23,7,0,2026-08-06
August'26,Oasis,ati-cxs-OasisCore-PT-Oasis15-2-4-S2SCS,main,0,1,3,0,2026-08-06
August'26,Oasis,ati-cxs-OasisCore-PitBOSS,Patch/15.2.15,4,18,8,0,2026-08-06
August'26,Oasis,ati-cxs-OasisCore-PlayerService,master,0,0,0,0,2026-08-06
August'26,Oasis,ati-cxs-OasisCore-PropertyInfo,"""refs/heads/Patch/15.2.4""",0,0,0,0,2026-08-06
August'26,Oasis,ati-cxs-OasisCore-PropertyInfo,Patch/15.2.4,0,0,0,0,2026-08-06
August'26,Oasis,ati-cxs-OasisCore-PropertyInfo,"""refs/heads/Dev/Oasis15-3""",1,0,0,0,2026-08-06
August'26,Oasis,ati-cxs-OasisCore-ProximityCalculator,main,0,0,0,0,2026-08-06
August'26,Oasis,ati-cxs-OasisCore-Quickets,master,2,17,8,0,2026-08-06
August'26,Oasis,ati-cxs-OasisCore-Quickets-BFF,main,0,0,0,0,2026-08-06
August'26,Oasis,ati-cxs-OasisCore-RCCL-MMI,main,0,0,0,0,2026-08-06
August'26,Oasis,ati-cxs-OasisCore-RCCLVDMI,Releases/12.14.1140,1,0,3,0,2026-08-06
August'26,Oasis,ati-cxs-OasisCore-RL-6.4.0-IdentityServer,"""refs/heads/Releases/6.4.0""",0,0,2,0,2026-08-06
August'26,Oasis,ati-cxs-OasisCore-RL-Oasis15-0-S2SCS,main,0,1,3,0,2026-08-06
August'26,Oasis,ati-cxs-OasisCore-RL-Oasis15-0-SecurityService,main,0,1,0,0,2026-08-06
August'26,Oasis,ati-cxs-OasisCore-RL-Oasis15-0-SpeedMedia,main,23,22,14,6,2026-08-06
August'26,Oasis,ati-cxs-OasisCore-RL-Oasis15-0-SurveillanceMonitor,main,4,5,7,0,2026-08-06
August'26,Oasis,ati-cxs-OasisCore-RL-Oasis15-1-SurveillanceMonitor,main,4,5,7,0,2026-08-06
August'26,Oasis,ati-cxs-OasisCore-RL-Oasis15-2-S2SCS,main,0,1,3,0,2026-08-06
August'26,Oasis,ati-cxs-OasisCore-RabbitMq.Sdk,main,0,0,0,0,2026-08-06
August'26,Oasis,ati-cxs-OasisCore-S2SCS,master,0,1,3,0,2026-08-06
August'26,Oasis,ati-cxs-OasisCore-S2SCS,Patch/15.2.5,0,1,3,0,2026-08-06
August'26,Oasis,ati-cxs-OasisCore-SecurityService,master,0,1,0,0,2026-08-06
August'26,Oasis,ati-cxs-OasisCore-Settings-Service,"""refs/heads/Patch/15.2.4""",0,0,0,0,2026-08-06
August'26,Oasis,ati-cxs-OasisCore-SightingsApi,main,0,0,0,0,2026-08-06
August'26,Oasis,ati-cxs-OasisCore-SpeedMedia,main,23,22,14,6,2026-08-06
August'26,Oasis,ati-cxs-OasisCore-SuperPlaymate,Patch/15.2.15,4,16,8,0,2026-08-06
August'26,Oasis,ati-cxs-OasisCore-SurveillanceMonitor,main,4,5,7,0,2026-08-06
August'26,Oasis,ati-cxs-OasisCore-TaxFormInfo,main,0,0,0,0,2026-08-06
August'26,Oasis,ati-cxs-OasisCore-TicketingUI,$(build.SourceBranchName,0,0,0,0,2026-08-06
August'26,Oasis,ati-cxs-OasisCore-TicketingUI,Oasis15.3,0,0,0,0,2026-08-06
August'26,Oasis,ati-cxs-OasisCore-TicketingUI,main,0,0,0,0,2026-08-06
August'26,Oasis,ati-cxs-OasisCore-UAC.Service,"""refs/heads/Releases/1.0.0""",0,0,0,0,2026-08-06
August'26,Oasis,ati-cxs-OasisCore-UAC.UI,refs/heads/Releases/1.0.0,0,0,0,0,2026-08-06
August'26,Oasis,ati-cxs-OasisCore-UAC.UI,refs/heads/Dev/dev,0,0,0,0,2026-08-06
August'26,Oasis,ati-cxs-OasisCore-nTime,master,1,5,4,0,2026-08-06
August'26,Oasis,ati-cxs-Ordering-Apps-DOT,refs/heads/master,0,0,0,0,2026-08-06
August'26,Loyalty,ati-cxs-OasisLoyalty-BucketsManagement,"""refs/heads/Dev/OL15.3""",0,0,0,0,2026-08-06
August'26,Loyalty,ati-cxs-OasisLoyalty-BucketsTransactions,"""refs/heads/Dev/OL15.3""",0,0,0,0,2026-08-06
August'26,Loyalty,ati-cxs-OasisLoyalty-BulkCardPrint,"""refs/heads/Dev/OL15.3""",0,0,0,0,2026-08-06
August'26,Loyalty,ati-cxs-OasisLoyalty-DeliveryService,"""refs/heads/master""",0,0,0,0,2026-08-06
August'26,Loyalty,ati-cxs-OasisLoyalty-DeliveryService,"""refs/heads/Dev/OL15.3""",0,0,0,0,2026-08-06
August'26,Loyalty,ati-cxs-OasisLoyalty-Doorman,"""refs/heads/Dev/OL15.3""",0,0,0,0,2026-08-06
August'26,Loyalty,ati-cxs-OasisLoyalty-DoormanService,"""refs/heads/Dev/OL15.3""",0,0,0,0,2026-08-06
August'26,Loyalty,ati-cxs-OasisLoyalty-EncryptIdentity,"""refs/heads/Dev/OL15.3""",0,0,0,0,2026-08-06
August'26,Loyalty,ati-cxs-OasisLoyalty-Encryptifier,"""refs/heads/Dev/OL15.3""",0,0,0,0,2026-08-06
August'26,Loyalty,ati-cxs-OasisLoyalty-Encryptor,"""refs/heads/Dev/OL15.3""",0,0,0,0,2026-08-06
August'26,Loyalty,ati-cxs-OasisLoyalty-GatewayTesterApp,"""refs/heads/Dev/OL15.3""",0,0,0,0,2026-08-06
August'26,Loyalty,ati-cxs-OasisLoyalty-InitialImporter,"""refs/heads/Dev/OL15.3""",0,0,0,0,2026-08-06
August'26,Loyalty,ati-cxs-OasisLoyalty-IntegrationGateway,"""refs/heads/Dev/OL15.3""",0,0,0,0,2026-08-06
August'26,Loyalty,ati-cxs-OasisLoyalty-InventoryCashCheckout,"""refs/heads/Dev/OL15.3""",0,0,0,0,2026-08-06
August'26,Loyalty,ati-cxs-OasisLoyalty-KioskGateway,"""refs/heads/Dev/OL15.3""",0,0,0,0,2026-08-06
August'26,Loyalty,ati-cxs-OasisLoyalty-Lookup,"""refs/heads/Dev/OL15.3""",0,0,0,0,2026-08-06
August'26,Loyalty,ati-cxs-OasisLoyalty-LoyaltyAssist,"""refs/heads/Dev/OL15.3""",0,0,0,0,2026-08-06
August'26,Loyalty,ati-cxs-OasisLoyalty-LoyaltyBackend,"""refs/heads/Dev/OL15.3""",0,0,0,0,2026-08-06
August'26,Loyalty,ati-cxs-OasisLoyalty-LoyaltyCoretoolbox,"""refs/heads/Dev/OL15.3""",0,0,0,0,2026-08-06
August'26,Loyalty,ati-cxs-OasisLoyalty-LoyaltyExclusionMigration,"""refs/heads/Dev/OL15.3""",0,0,0,0,2026-08-06
August'26,Loyalty,ati-cxs-OasisLoyalty-LoyaltyLite,"""refs/heads/Dev/OL15.3""",0,0,0,0,2026-08-06
August'26,Loyalty,ati-cxs-OasisLoyalty-LoyaltyLiteService,"""refs/heads/Dev/OL15.3""",0,0,0,0,2026-08-06
August'26,Loyalty,ati-cxs-OasisLoyalty-LoyaltyPrint,"""refs/heads/Dev/OL15.3""",0,0,0,0,2026-08-06
August'26,Loyalty,ati-cxs-OasisLoyalty-MarketingLoyalty,"""refs/heads/Dev/15.3""",0,0,0,0,2026-08-06
August'26,Loyalty,ati-cxs-OasisLoyalty-MassImporter,"""refs/heads/Dev/OL15.3""",0,0,0,0,2026-08-06
August'26,Loyalty,ati-cxs-OasisLoyalty-NonCashableLoyaltyGateway,"""refs/heads/Dev/OL15.3""",0,0,0,0,2026-08-06
August'26,Loyalty,ati-cxs-OasisLoyalty-OasisLoyaltyGateway,"""refs/heads/Sweety/UTCoverage/OL15.3""",0,0,0,0,2026-08-06
August'26,Loyalty,ati-cxs-OasisLoyalty-OasisLoyaltyGateway,"""refs/heads/Dev/OL15.3""",0,0,0,0,2026-08-06
August'26,Loyalty,ati-cxs-OasisLoyalty-OfferImport,"""refs/heads/Dev/OL15.3""",0,0,0,0,2026-08-06
August'26,Loyalty,ati-cxs-OasisLoyalty-Outbox,"""refs/heads/Dev/OL15.3""",0,0,0,0,2026-08-06
August'26,Loyalty,ati-cxs-OasisLoyalty-PatronLogix,"""refs/heads/Dev/OL15.3""",0,0,0,0,2026-08-06
August'26,Loyalty,ati-cxs-OasisLoyalty-PlayerInfoService,"""refs/heads/Dev/OL15.3""",0,0,0,0,2026-08-06
August'26,Loyalty,ati-cxs-OasisLoyalty-PropertyInfoService,"""refs/heads/Dev/OL15.3""",0,0,0,0,2026-08-06
August'26,Loyalty,ati-cxs-OasisLoyalty-ReportingService,"""refs/heads/Dev/OL15.3""",0,0,0,0,2026-08-06
August'26,Loyalty,ati-cxs-OasisLoyalty-RewardsService,"""refs/heads/Dev/OL15.3""",0,0,0,0,2026-08-06
August'26,Loyalty,ati-cxs-OasisLoyalty-ServiceBus,"""refs/heads/Dev/OL15.3""",0,0,0,0,2026-08-06
August'26,Loyalty,ati-cxs-OasisLoyalty-ServiceMonitor,"""refs/heads/Dev/OL15.3""",0,0,0,0,2026-08-06
August'26,Loyalty,ati-cxs-OasisLoyalty-Synchronizer,"""refs/heads/Dev/OL15.3""",0,0,0,0,2026-08-06
August'26,Loyalty,ati-cxs-OasisLoyalty-TaskCoordinator,"""refs/heads/Dev/OL15.3""",0,0,0,0,2026-08-06
August'26,Loyalty,ati-cxs-OasisLoyalty-UniMerge,"""refs/heads/Dev/OL15.3""",0,0,0,0,2026-08-06
August'26,Loyalty,ati-cxs-OasisLoyalty-UniMergeService,"""refs/heads/Dev/OL15.3""",0,0,0,0,2026-08-06
August'26,Loyalty,ati-cxs-OasisLoyalty-WebApp,"""refs/heads/Dev/OL15.3""",0,0,0,0,2026-08-06
August'26,System7000,ati-cxs-S7000-PrimeConsole,Releases/7.4.8.12_CAU,3,0,0,0,2026-08-06
August'26,Oasis,ati-cxs-OasisCore-Administrator,Dev/Oasis15-3-0,1,1,1,0,2026-08-14
August'26,Oasis,ati-cxs-OasisCore-AppConfigurationManager,Dev/Oasis15-3-0,0,2,2,0,2026-08-14
August'26,Oasis,ati-cxs-OasisCore-Bingo,Dev/Oasis15-3-0,1,1,4,0,2026-08-14
August'26,Oasis,ati-cxs-OasisCore-BlackBart,Dev/Oasis15-3-0,0,3,5,0,2026-08-14
August'26,Oasis,ati-cxs-OasisCore-BonusPoints,Dev/Oasis15-3-0,1,1,4,0,2026-08-14
August'26,Oasis,ati-cxs-OasisCore-CoinsInterfaceService,Dev/Oasis15-3-0,0,1,1,0,2026-08-14
August'26,Oasis,ati-cxs-OasisCore-ConfigurationService-windows,Dev/Oasis15-3-0,0,0,0,0,2026-08-14
August'26,Oasis,ati-cxs-OasisCore-CountInterface,Dev/Oasis15-3-0,2,1,4,0,2026-08-14
August'26,Oasis,ati-cxs-OasisCore-CountOperation,Dev/Oasis15-3-0,0,0,0,0,2026-08-14
August'26,Oasis,ati-cxs-OasisCore-DiagnosticMonitor,Dev/Oasis15-3-0,1,1,4,0,2026-08-14
August'26,Oasis,ati-cxs-OasisCore-EncryptionandConversionManager,Dev/Oasis15-3-0,0,1,1,0,2026-08-14
August'26,Oasis,ati-cxs-OasisCore-ExternalFloor,Dev/Oasis15-3-0,0,0,0,0,2026-08-14
August'26,Oasis,ati-cxs-OasisCore-FloorApi-Service,Dev/Oasis15.3,0,0,0,0,2026-08-14
August'26,Oasis,ati-cxs-OasisCore-FloorLogix,Dev/Oasis15-3-0,1,1,3,0,2026-08-14
August'26,Oasis,ati-cxs-OasisCore-FolioService,Dev/Oasis15-3-0,0,0,0,0,2026-08-14
August'26,Oasis,ati-cxs-OasisCore-Gateway,Dev/Oasis15-3-0,1,2,1,0,2026-08-14
August'26,Oasis,ati-cxs-OasisCore-HeadCount,Dev/Oasis15-3-0,2,1,5,0,2026-08-14
August'26,Oasis,ati-cxs-OasisCore-JackpotFill-BFF,Dev/Oasis15-3-0,0,0,0,0,2026-08-14
August'26,Oasis,ati-cxs-OasisCore-JackpotFill-ThickClient,Dev/Oasis15-3-0,2,1,5,0,2026-08-14
August'26,Oasis,ati-cxs-OasisCore-JackpotFill-UI,main,0,0,0,0,2026-08-14
August'26,Oasis,ati-cxs-OasisCore-JackpotService,Dev/Oasis15-3,0,0,0,0,2026-08-14
August'26,Oasis,ati-cxs-OasisCore-JurisdictionalReportUtility,Dev/Oasis15-3-0,0,1,1,0,2026-08-14
August'26,Oasis,ati-cxs-OasisCore-LicenseFileCreater,Dev/Oasis15-3-0,0,7,13,0,2026-08-14
August'26,Oasis,ati-cxs-OasisCore-LicenseFileManager,Dev/Oasis15-3-0,0,1,1,0,2026-08-14
August'26,Oasis,ati-cxs-OasisCore-MarketingManager,Dev/Oasis15-3-0,1,1,4,0,2026-08-14
August'26,Oasis,ati-cxs-OasisCore-MarketingService,Dev/Oasis15-3-0,0,0,0,0,2026-08-14
August'26,Oasis,ati-cxs-OasisCore-MessageRelayService,Dev/15.3,0,0,0,0,2026-08-14
August'26,Oasis,ati-cxs-OasisCore-Meter-Service,Dev/Oasis15.3,0,0,0,0,2026-08-14
August'26,Oasis,ati-cxs-OasisCore-MeterComparison,Dev/Oasis15-3-0,0,1,1,0,2026-08-14
August'26,Oasis,ati-cxs-OasisCore-Oasis-nConnect,Dev/15.3,0,0,0,0,2026-08-14
August'26,Oasis,ati-cxs-OasisCore-OhioW2GExtract,Dev/Oasis15-3-0,0,1,1,0,2026-08-14
August'26,Oasis,ati-cxs-OasisCore-OmniView,Dev/Oasis15-3-0,0,1,0,0,2026-08-14
August'26,Oasis,ati-cxs-OasisCore-PatronBalSvc,Dev/Oasis15-3-0,1,1,1,0,2026-08-14
August'26,Oasis,ati-cxs-OasisCore-PatronService,Dev/Oasis15-3-0,1,1,1,0,2026-08-14
August'26,Oasis,ati-cxs-OasisCore-PitBOSS,Dev/Oasis15-3-0,1,1,4,0,2026-08-14
August'26,Oasis,ati-cxs-OasisCore-PitPrinter,Dev/Oasis15-3-0,0,1,4,0,2026-08-14
August'26,Oasis,ati-cxs-OasisCore-PlayerService,Dev/Oasis15-3,0,0,0,0,2026-08-14
August'26,Oasis,ati-cxs-OasisCore-PollerClient,"""refs/heads/Dev/PollerClient15.3""",0,0,0,0,2026-08-14
August'26,Oasis,ati-cxs-OasisCore-PropertyInfo,Dev/Oasis15-3,1,0,0,0,2026-08-14
August'26,Oasis,ati-cxs-OasisCore-PropertyService,Dev/15.3,1,0,0,0,2026-08-14
August'26,Oasis,ati-cxs-OasisCore-QuickFunds,Dev/Oasis15-3-0,2,1,1,0,2026-08-14
August'26,Oasis,ati-cxs-OasisCore-Quickets,Main,8,17,8,0,2026-08-14
August'26,Oasis,ati-cxs-OasisCore-Quickets-BFF,Dev/Oasis15.3,1,0,0,0,2026-08-14
August'26,Oasis,ati-cxs-OasisCore-RCCL-VDMI,Dev/Oasis15-3-0,1,0,0,0,2026-08-14
August'26,Oasis,ati-cxs-OasisCore-S2SCS,Dev/Oasis15-3-0,0,0,3,0,2026-08-14
August'26,Oasis,ati-cxs-OasisCore-SchedulerService,Dev/Oasis15-3-0,1,0,0,0,2026-08-14
August'26,Oasis,ati-cxs-OasisCore-SecurityService,Dev/Oasis15-3-0,0,0,0,0,2026-08-14
August'26,Oasis,ati-cxs-OasisCore-SlotApi,"""refs/heads/Dev/SlotManager15.3""",0,0,0,0,2026-08-14
August'26,Oasis,ati-cxs-OasisCore-SlotEvent,"""refs/heads/Dev/SlotManager15.3""",0,0,0,0,2026-08-14
August'26,Oasis,ati-cxs-OasisCore-SpeedMedia,Dev/Oasis15-3-0,21,9,11,6,2026-08-14
August'26,Oasis,ati-cxs-OasisCore-SuperPlaymate,Dev/Oasis15-3-0,1,1,4,0,2026-08-14
August'26,Oasis,ati-cxs-OasisCore-SurveillanceMonitor,Dev/Oasis15-3-0,1,1,4,0,2026-08-14
August'26,Oasis,ati-cxs-OasisCore-TaxFormInfo,Dev/15.3,0,0,0,0,2026-08-14
August'26,Oasis,ati-cxs-OasisCore-TicketingUI,Dev/Oasis15-3-0,0,0,0,0,2026-08-14
August'26,Oasis,ati-cxs-OasisCore-VoucherService,Dev/Oasis15.3,1,0,0,0,2026-08-14
August'26,Oasis,ati-cxs-OasisCore-W2G,Dev/Oasis15-3-0,0,1,1,0,2026-08-14
August'26,Oasis,ati-cxs-OasisCore-WatchDog,Dev/Oasis15-3-0,0,0,4,0,2026-08-14
August'26,Oasis,ati-cxs-OasisCore-WisconsinExtract,Dev/Oasis15-3-0,0,1,1,0,2026-08-14
August'26,Oasis,ati-cxs-OasisCore-nTime,Dev/Oasis15-3-0,1,0,1,0,2026-08-14
August'26,Oasis,ati-cxs-OasisCore-x2s,Dev/Oasis15-3-0,2,1,5,0,2026-08-14
August'26,nCompass,ati-cxs-nCompass-OOBPluggableApps,main,0,0,0,0,2026-08-14
August'26,nCompass,ati-cxs-nCompass-UI,*/Dev/15.6,0,0,0,0,2026-08-14
August'26,nCompass,ati-cxs-nCompass-cpp,nCompass Dev 15.6,0,1,0,0,2026-08-14
August'26,Loyalty,ati-cxs-OasisLoyalty-LoyaltyUI,main,0,0,0,0,2026-08-17
August'26,Loyalty,ati-cxs-LoyaltyKiosk-KioskManager,"""refs/heads/Release/15.0.0""",6,0,1,0,2026-08-17
August'26,Loyalty,ati-cxs-OasisLoyalty-BucketsManagement,"""refs/heads/Releases/15.3""",0,0,0,0,2026-08-17
August'26,Loyalty,ati-cxs-OasisLoyalty-BucketsTransactions,"""refs/heads/Releases/15.3""",0,0,0,0,2026-08-17
August'26,Loyalty,ati-cxs-OasisLoyalty-BulkCardPrint,"""refs/heads/Releases/15.3""",0,0,0,0,2026-08-17
August'26,Loyalty,ati-cxs-OasisLoyalty-DeliveryService,"""refs/heads/Releases/15.3""",0,0,0,0,2026-08-17
August'26,Loyalty,ati-cxs-OasisLoyalty-Doorman,"""refs/heads/Releases/15.3""",0,0,0,0,2026-08-17
August'26,Loyalty,ati-cxs-OasisLoyalty-DoormanService,"""refs/heads/Releases/15.3""",0,0,0,0,2026-08-17
August'26,Loyalty,ati-cxs-OasisLoyalty-EncryptIdentity,"""refs/heads/Releases/15.3""",0,0,0,0,2026-08-17
August'26,Loyalty,ati-cxs-OasisLoyalty-Encryptifier,"""refs/heads/Releases/15.3""",0,0,0,0,2026-08-17
August'26,Loyalty,ati-cxs-OasisLoyalty-Encryptor,"""refs/heads/Releases/15.3""",0,0,0,0,2026-08-17
August'26,Loyalty,ati-cxs-OasisLoyalty-GatewayTesterApp,"""refs/heads/Releases/15.3""",0,0,0,0,2026-08-17
August'26,Loyalty,ati-cxs-OasisLoyalty-InitialImporter,"""refs/heads/Releases/15.3""",0,0,0,0,2026-08-17
August'26,Loyalty,ati-cxs-OasisLoyalty-IntegrationGateway,"""refs/heads/Releases/15.3""",0,0,0,0,2026-08-17
August'26,Loyalty,ati-cxs-OasisLoyalty-InventoryCashCheckout,"""refs/heads/Releases/15.3""",0,0,0,0,2026-08-17
August'26,Loyalty,ati-cxs-OasisLoyalty-KioskGateway,"""refs/heads/Releases/15.3""",0,0,0,0,2026-08-17
August'26,Loyalty,ati-cxs-OasisLoyalty-LoginSyncService,"""refs/heads/Releases/15.3""",1,0,0,0,2026-08-17
August'26,Loyalty,ati-cxs-OasisLoyalty-Lookup,"""refs/heads/Releases/15.3""",0,0,0,0,2026-08-17
August'26,Loyalty,ati-cxs-OasisLoyalty-LoyaltyAssist,"""refs/heads/Releases/15.3""",0,0,0,0,2026-08-17
August'26,Loyalty,ati-cxs-OasisLoyalty-LoyaltyBackend,"""refs/heads/Releases/15.3""",0,0,0,0,2026-08-17
August'26,Loyalty,ati-cxs-OasisLoyalty-LoyaltyCoretoolbox,"""refs/heads/Releases/15.3""",0,0,0,0,2026-08-17
August'26,Loyalty,ati-cxs-OasisLoyalty-LoyaltyExclusionMigration,"""refs/heads/Releases/15.3""",1,0,0,0,2026-08-17
August'26,Loyalty,ati-cxs-OasisLoyalty-LoyaltyLite,"""refs/heads/Releases/15.3""",0,0,0,0,2026-08-17
August'26,Loyalty,ati-cxs-OasisLoyalty-LoyaltyLiteService,"""refs/heads/Releases/15.3""",0,0,0,0,2026-08-17
August'26,Loyalty,ati-cxs-OasisLoyalty-LoyaltyPrint,"""refs/heads/Releases/15.3""",0,0,0,0,2026-08-17
August'26,Loyalty,ati-cxs-OasisLoyalty-LoyaltyUI,refs/heads/Releases/15.3,1,1,4,0,2026-08-17
August'26,Loyalty,ati-cxs-OasisLoyalty-MarketingLoyalty,"""refs/heads/Releases/15.3""",0,0,0,0,2026-08-17
August'26,Loyalty,ati-cxs-OasisLoyalty-MassImporter,"""refs/heads/Releases/15.3""",0,0,0,0,2026-08-17
August'26,Loyalty,ati-cxs-OasisLoyalty-NonCashableLoyaltyGateway,"""refs/heads/Releases/15.3""",1,1,0,0,2026-08-17
August'26,Loyalty,ati-cxs-OasisLoyalty-OasisLoyaltyGateway,"""refs/heads/Releases/15.3""",0,0,0,0,2026-08-17
August'26,Loyalty,ati-cxs-OasisLoyalty-OfferImport,"""refs/heads/Releases/15.3""",0,0,0,0,2026-08-17
August'26,Loyalty,ati-cxs-OasisLoyalty-Outbox,"""refs/heads/Releases/15.3""",0,0,0,0,2026-08-17
August'26,Loyalty,ati-cxs-OasisLoyalty-PatronLogix,"""refs/heads/Releases/15.3""",0,0,0,0,2026-08-17
August'26,Loyalty,ati-cxs-OasisLoyalty-PlayerInfoService,"""refs/heads/Releases/15.3""",0,0,0,0,2026-08-17
August'26,Loyalty,ati-cxs-OasisLoyalty-PropertyInfoService,"""refs/heads/Releases/15.3""",0,0,0,0,2026-08-17
August'26,Loyalty,ati-cxs-OasisLoyalty-ReportingService,"""refs/heads/Releases/15.3""",0,0,0,0,2026-08-17
August'26,Loyalty,ati-cxs-OasisLoyalty-RewardsService,"""refs/heads/Releases/15.3""",0,0,0,0,2026-08-17
August'26,Loyalty,ati-cxs-OasisLoyalty-Router,"""refs/heads/Releases/15.3""",2,0,0,0,2026-08-17
August'26,Loyalty,ati-cxs-OasisLoyalty-ServiceBus,"""refs/heads/Releases/15.3""",0,0,0,0,2026-08-17
August'26,Loyalty,ati-cxs-OasisLoyalty-ServiceMonitor,"""refs/heads/Releases/15.3""",0,0,0,0,2026-08-17
August'26,Loyalty,ati-cxs-OasisLoyalty-Synchronizer,"""refs/heads/Releases/15.3""",0,0,0,0,2026-08-17
August'26,Loyalty,ati-cxs-OasisLoyalty-TaskCoordinator,"""refs/heads/Releases/15.3""",0,0,0,0,2026-08-17
August'26,Loyalty,ati-cxs-OasisLoyalty-UniMerge,"""refs/heads/Releases/15.3""",0,0,0,0,2026-08-17
August'26,Loyalty,ati-cxs-OasisLoyalty-UniMergeService,"""refs/heads/Releases/15.3""",0,0,0,0,2026-08-17
August'26,Loyalty,ati-cxs-OasisLoyalty-WebApp,"""refs/heads/Releases/15.3""",0,0,0,0,2026-08-17
August'26,Loyalty,ati-cxs-LoyaltyKiosk-KioskManager,master,0,0,0,0,2026-08-17
August'26,Loyalty,ati-cxs-OasisLoyalty-BucketsManagement,"""refs/heads/Patch/15.2.7""",0,0,0,0,2026-08-17
August'26,Loyalty,ati-cxs-OasisLoyalty-BucketsTransactions,master,0,0,0,0,2026-08-17
August'26,Loyalty,ati-cxs-OasisLoyalty-BulkCardPrint,master,0,0,0,0,2026-08-17
August'26,Loyalty,ati-cxs-OasisLoyalty-DeliveryService,"""refs/heads/Patch/15.2.7""",0,0,0,0,2026-08-17
August'26,Loyalty,ati-cxs-OasisLoyalty-Doorman,"""refs/heads/Patch/15.2.7""",0,0,0,0,2026-08-17
August'26,Loyalty,ati-cxs-OasisLoyalty-DoormanService,"""refs/heads/Patch/15.2.7""",0,0,0,0,2026-08-17
August'26,Loyalty,ati-cxs-OasisLoyalty-EncryptIdentity,master,0,0,0,0,2026-08-17
August'26,Loyalty,ati-cxs-OasisLoyalty-Encryptifier,main,0,0,0,0,2026-08-17
August'26,Loyalty,ati-cxs-OasisLoyalty-Encryptor,main,0,0,0,0,2026-08-17
August'26,Loyalty,ati-cxs-OasisLoyalty-GatewayTesterApp,main,0,0,0,0,2026-08-17
August'26,Loyalty,ati-cxs-OasisLoyalty-InitialImporter,main,0,0,0,0,2026-08-17
August'26,Loyalty,ati-cxs-OasisLoyalty-IntegrationGateway,master,17,0,0,0,2026-08-17
August'26,Loyalty,ati-cxs-OasisLoyalty-InventoryCashCheckout,"""refs/heads/Patch/15.2.7""",0,0,0,0,2026-08-17
August'26,Loyalty,ati-cxs-OasisLoyalty-KioskGateway,"""refs/heads/Patch/15.2.7""",0,0,0,0,2026-08-17
August'26,Loyalty,ati-cxs-OasisLoyalty-LoginSyncService,main,0,0,0,0,2026-08-17
August'26,Loyalty,ati-cxs-OasisLoyalty-Lookup,"""refs/heads/Patch/15.2.7""",0,0,0,0,2026-08-17
August'26,Loyalty,ati-cxs-OasisLoyalty-LoyaltyAssist,"""refs/heads/Patch/15.2.7""",0,0,2,0,2026-08-17
August'26,Loyalty,ati-cxs-OasisLoyalty-LoyaltyBackend,"""refs/heads/Patch/15.2.7""",0,0,0,0,2026-08-17
August'26,Loyalty,ati-cxs-OasisLoyalty-LoyaltyCoretoolbox,main,0,0,0,0,2026-08-17
August'26,Loyalty,ati-cxs-OasisLoyalty-LoyaltyExclusionMigration,main,0,0,0,0,2026-08-17
August'26,Loyalty,ati-cxs-OasisLoyalty-LoyaltyLite,"""refs/heads/Patch/15.2.7""",0,0,0,0,2026-08-17
August'26,Loyalty,ati-cxs-OasisLoyalty-LoyaltyLiteService,"""refs/heads/Patch/15.2.7""",0,0,0,0,2026-08-17
August'26,Loyalty,ati-cxs-OasisLoyalty-LoyaltyPrint,"""refs/heads/Patch/15.2.7""",0,0,2,0,2026-08-17
August'26,Loyalty,ati-cxs-OasisLoyalty-LoyaltyUI,refs/heads/Patch/15.2.7,0,0,4,0,2026-08-17
August'26,Loyalty,ati-cxs-OasisLoyalty-MarketingLoyalty,"""refs/heads/Patch/15.2.7""",0,0,0,0,2026-08-17
August'26,Loyalty,ati-cxs-OasisLoyalty-MassImporter,"""refs/heads/Patch/15.2.7""",0,0,0,0,2026-08-17
August'26,Loyalty,ati-cxs-OasisLoyalty-NonCashableLoyaltyGateway,master,0,0,0,0,2026-08-17
August'26,Loyalty,ati-cxs-OasisLoyalty-OasisLoyaltyGateway,"""refs/heads/Patch/15.2.7""",0,0,0,0,2026-08-17
August'26,Loyalty,ati-cxs-OasisLoyalty-OfferImport,master,0,0,0,0,2026-08-17
August'26,Loyalty,ati-cxs-OasisLoyalty-Outbox,master,0,0,0,0,2026-08-17
August'26,Loyalty,ati-cxs-OasisLoyalty-PatronLogix,"""refs/heads/Patch/15.2.7""",0,0,0,0,2026-08-17
August'26,Loyalty,ati-cxs-OasisLoyalty-PlayerInfoService,"""refs/heads/Patch/15.2.7""",0,0,0,0,2026-08-17
August'26,Loyalty,ati-cxs-OasisLoyalty-PropertyInfoService,"""refs/heads/Patch/15.2.7""",0,0,0,0,2026-08-17
August'26,Loyalty,ati-cxs-OasisLoyalty-ReportingService,"""refs/heads/Patch/15.2.7""",0,0,0,0,2026-08-17
August'26,Loyalty,ati-cxs-OasisLoyalty-RewardsService,master,3,0,0,0,2026-08-17
August'26,Loyalty,ati-cxs-OasisLoyalty-Router,main,0,0,0,0,2026-08-17
August'26,Loyalty,ati-cxs-OasisLoyalty-ServiceBus,master,0,0,0,0,2026-08-17
August'26,Loyalty,ati-cxs-OasisLoyalty-ServiceMonitor,master,0,0,0,0,2026-08-17
August'26,Loyalty,ati-cxs-OasisLoyalty-Synchronizer,master,0,0,0,0,2026-08-17
August'26,Loyalty,ati-cxs-OasisLoyalty-TaskCoordinator,"""refs/heads/Patch/15.2.7""",0,0,0,0,2026-08-17
August'26,Loyalty,ati-cxs-OasisLoyalty-UniMerge,"""refs/heads/Patch/15.2.7""",0,0,0,0,2026-08-17
August'26,Loyalty,ati-cxs-OasisLoyalty-UniMergeService,"""refs/heads/Patch/15.2.7""",0,0,0,0,2026-08-17
August'26,Loyalty,ati-cxs-OasisLoyalty-WebApp,"""refs/heads/Patch/15.2.7""",26,0,0,0,2026-08-17
